,arrays,cycle_time,dma_chunk_size,factors,mat_size,memory_type,partition,pipelined_dma,ready_mode,spad_ports,unrolling_factor_cols,unrolling_factor_row_sub,Avg FU Dynamic Power,Avg FU Power,Avg FU leakage Power,Avg MEM Dynamic Power,Avg MEM Leakage Power,Avg MEM Power,Avg Power,Cycle ,FU Area,Idle FU Cycles,MEM Area,Num of Registers (32-bit),Num of Shifters (32-bit),Num of Single Precision FP Adders,Num of Single Precision FP Multipliers,Running ,Top level function,Total Area
0,"['A', 'I']",5,64,4,16,spad,block,True,1,4,4,1,2.78229,3.69059,0.908302,0.106011,0.10043,0.206441,3.89703,28433,83842.4,13742,6739.31,279,2,5,4,./outputs/mat_inv-gem5-accel,mat_inv,90581.7
1,"['A', 'I']",5,64,4,16,spad,block,True,1,4,4,8,2.85656,3.7767,0.920134,0.108875,0.10043,0.209305,3.986,27685,84799.4,13105,6739.31,284,2,5,4,./outputs/mat_inv-gem5-accel,mat_inv,91538.7
2,"['A', 'I']",5,64,4,16,spad,block,True,1,4,8,1,3.51762,4.42593,0.908302,0.133959,0.10043,0.234389,4.66031,22501,83842.4,8881,6739.31,279,2,5,4,./outputs/mat_inv-gem5-accel,mat_inv,90581.7
3,"['A', 'I']",5,64,4,16,spad,block,True,1,4,8,8,3.63743,4.55757,0.920134,0.138565,0.10043,0.238995,4.79656,21753,84799.4,8244,6739.31,284,2,5,4,./outputs/mat_inv-gem5-accel,mat_inv,91538.7
4,"['A', 'I']",5,64,4,16,spad,block,True,1,4,16,1,3.73524,4.64355,0.908302,0.144511,0.10043,0.244941,4.88849,20858,83842.4,7352,6739.31,279,2,5,4,./outputs/mat_inv-gem5-accel,mat_inv,90581.7
5,"['A', 'I']",5,64,4,16,spad,block,True,1,4,16,8,3.87294,4.79307,0.920134,0.149886,0.10043,0.250316,5.04339,20110,84799.4,6715,6739.31,284,2,5,4,./outputs/mat_inv-gem5-accel,mat_inv,91538.7
6,"['A', 'I']",5,64,4,16,spad,block,True,1,16,4,1,2.78229,3.69059,0.908302,0.106011,0.10043,0.206441,3.89703,28433,83842.4,13742,6739.31,279,2,5,4,./outputs/mat_inv-gem5-accel,mat_inv,90581.7
7,"['A', 'I']",5,64,4,16,spad,block,True,1,16,4,8,2.85656,3.7767,0.920134,0.108875,0.10043,0.209305,3.986,27685,84799.4,13105,6739.31,284,2,5,4,./outputs/mat_inv-gem5-accel,mat_inv,91538.7
8,"['A', 'I']",5,64,4,16,spad,block,True,1,16,8,1,3.51762,4.42593,0.908302,0.133959,0.10043,0.234389,4.66031,22501,83842.4,8881,6739.31,279,2,5,4,./outputs/mat_inv-gem5-accel,mat_inv,90581.7
9,"['A', 'I']",5,64,4,16,spad,block,True,1,16,8,8,3.63743,4.55757,0.920134,0.138565,0.10043,0.238995,4.79656,21753,84799.4,8244,6739.31,284,2,5,4,./outputs/mat_inv-gem5-accel,mat_inv,91538.7
10,"['A', 'I']",5,64,4,16,spad,block,True,1,16,16,1,3.73524,4.64355,0.908302,0.144511,0.10043,0.244941,4.88849,20858,83842.4,7352,6739.31,279,2,5,4,./outputs/mat_inv-gem5-accel,mat_inv,90581.7
11,"['A', 'I']",5,64,4,16,spad,block,True,1,16,16,8,3.87294,4.79307,0.920134,0.149886,0.10043,0.250316,5.04339,20110,84799.4,6715,6739.31,284,2,5,4,./outputs/mat_inv-gem5-accel,mat_inv,91538.7
12,"['A', 'I']",5,64,4,16,spad,cyclic,True,1,4,4,1,3.98107,5.17864,1.19757,0.151096,0.10043,0.251526,5.43016,19949,119059,12782,6739.31,285,2,12,8,./outputs/mat_inv-gem5-accel,mat_inv,125798
13,"['A', 'I']",5,64,4,16,spad,cyclic,True,1,4,4,8,4.13485,5.38641,1.25156,0.156982,0.10043,0.257412,5.64382,19201,124922,12169,6739.31,290,2,12,9,./outputs/mat_inv-gem5-accel,mat_inv,131661
14,"['A', 'I']",5,64,4,16,spad,cyclic,True,1,4,8,1,5.72653,6.9241,1.19757,0.217366,0.10043,0.317796,7.2419,13867,119059,7798,6739.31,285,2,12,8,./outputs/mat_inv-gem5-accel,mat_inv,125798
15,"['A', 'I']",5,64,4,16,spad,cyclic,True,1,4,8,8,6.05113,7.30269,1.25156,0.229759,0.10043,0.330189,7.63288,13119,124922,7185,6739.31,290,2,12,9,./outputs/mat_inv-gem5-accel,mat_inv,131661
16,"['A', 'I']",5,64,4,16,spad,cyclic,True,1,4,16,1,7.33398,8.86882,1.53484,0.278423,0.10043,0.378853,9.24767,10826,158305,5306,6739.31,285,2,12,16,./outputs/mat_inv-gem5-accel,mat_inv,165044
17,"['A', 'I']",5,64,4,16,spad,cyclic,True,1,4,16,8,7.87583,9.4225,1.54667,0.299088,0.10043,0.399518,9.82202,10078,159262,4693,6739.31,290,2,12,16,./outputs/mat_inv-gem5-accel,mat_inv,166001
18,"['A', 'I']",5,64,4,16,spad,cyclic,True,1,16,4,1,3.98107,5.17864,1.19757,0.151096,0.10043,0.251526,5.43016,19949,119059,12782,6739.31,285,2,12,8,./outputs/mat_inv-gem5-accel,mat_inv,125798
19,"['A', 'I']",5,64,4,16,spad,cyclic,True,1,16,4,8,4.13485,5.38641,1.25156,0.156982,0.10043,0.257412,5.64382,19201,124922,12169,6739.31,290,2,12,9,./outputs/mat_inv-gem5-accel,mat_inv,131661
20,"['A', 'I']",5,64,4,16,spad,cyclic,True,1,16,8,1,5.72653,6.9241,1.19757,0.217366,0.10043,0.317796,7.2419,13867,119059,7798,6739.31,285,2,12,8,./outputs/mat_inv-gem5-accel,mat_inv,125798
21,"['A', 'I']",5,64,4,16,spad,cyclic,True,1,16,8,8,6.05113,7.30269,1.25156,0.229759,0.10043,0.330189,7.63288,13119,124922,7185,6739.31,290,2,12,9,./outputs/mat_inv-gem5-accel,mat_inv,131661
22,"['A', 'I']",5,64,4,16,spad,cyclic,True,1,16,16,1,7.33398,8.86882,1.53484,0.278423,0.10043,0.378853,9.24767,10826,158305,5306,6739.31,285,2,12,16,./outputs/mat_inv-gem5-accel,mat_inv,165044
23,"['A', 'I']",5,64,4,16,spad,cyclic,True,1,16,16,8,7.87583,9.4225,1.54667,0.299088,0.10043,0.399518,9.82202,10078,159262,4693,6739.31,290,2,12,16,./outputs/mat_inv-gem5-accel,mat_inv,166001
24,"['A', 'I']",5,256,4,16,spad,block,True,1,4,4,1,2.78229,3.69059,0.908302,0.106011,0.10043,0.206441,3.89703,28433,83842.4,13742,6739.31,279,2,5,4,./outputs/mat_inv-gem5-accel,mat_inv,90581.7
25,"['A', 'I']",5,256,4,16,spad,block,True,1,4,4,8,2.85656,3.7767,0.920134,0.108875,0.10043,0.209305,3.986,27685,84799.4,13105,6739.31,284,2,5,4,./outputs/mat_inv-gem5-accel,mat_inv,91538.7
26,"['A', 'I']",5,256,4,16,spad,block,True,1,4,8,1,3.51762,4.42593,0.908302,0.133959,0.10043,0.234389,4.66031,22501,83842.4,8881,6739.31,279,2,5,4,./outputs/mat_inv-gem5-accel,mat_inv,90581.7
27,"['A', 'I']",5,256,4,16,spad,block,True,1,4,8,8,3.63743,4.55757,0.920134,0.138565,0.10043,0.238995,4.79656,21753,84799.4,8244,6739.31,284,2,5,4,./outputs/mat_inv-gem5-accel,mat_inv,91538.7
28,"['A', 'I']",5,256,4,16,spad,block,True,1,4,16,1,3.73524,4.64355,0.908302,0.144511,0.10043,0.244941,4.88849,20858,83842.4,7352,6739.31,279,2,5,4,./outputs/mat_inv-gem5-accel,mat_inv,90581.7
29,"['A', 'I']",5,256,4,16,spad,block,True,1,4,16,8,3.87294,4.79307,0.920134,0.149886,0.10043,0.250316,5.04339,20110,84799.4,6715,6739.31,284,2,5,4,./outputs/mat_inv-gem5-accel,mat_inv,91538.7
30,"['A', 'I']",5,256,4,16,spad,block,True,1,16,4,1,2.78229,3.69059,0.908302,0.106011,0.10043,0.206441,3.89703,28433,83842.4,13742,6739.31,279,2,5,4,./outputs/mat_inv-gem5-accel,mat_inv,90581.7
31,"['A', 'I']",5,256,4,16,spad,block,True,1,16,4,8,2.85656,3.7767,0.920134,0.108875,0.10043,0.209305,3.986,27685,84799.4,13105,6739.31,284,2,5,4,./outputs/mat_inv-gem5-accel,mat_inv,91538.7
32,"['A', 'I']",5,256,4,16,spad,block,True,1,16,8,1,3.51762,4.42593,0.908302,0.133959,0.10043,0.234389,4.66031,22501,83842.4,8881,6739.31,279,2,5,4,./outputs/mat_inv-gem5-accel,mat_inv,90581.7
33,"['A', 'I']",5,256,4,16,spad,block,True,1,16,8,8,3.63743,4.55757,0.920134,0.138565,0.10043,0.238995,4.79656,21753,84799.4,8244,6739.31,284,2,5,4,./outputs/mat_inv-gem5-accel,mat_inv,91538.7
34,"['A', 'I']",5,256,4,16,spad,block,True,1,16,16,1,3.73524,4.64355,0.908302,0.144511,0.10043,0.244941,4.88849,20858,83842.4,7352,6739.31,279,2,5,4,./outputs/mat_inv-gem5-accel,mat_inv,90581.7
35,"['A', 'I']",5,256,4,16,spad,block,True,1,16,16,8,3.87294,4.79307,0.920134,0.149886,0.10043,0.250316,5.04339,20110,84799.4,6715,6739.31,284,2,5,4,./outputs/mat_inv-gem5-accel,mat_inv,91538.7
36,"['A', 'I']",5,256,4,16,spad,cyclic,True,1,4,4,1,3.98107,5.17864,1.19757,0.151096,0.10043,0.251526,5.43016,19949,119059,12782,6739.31,285,2,12,8,./outputs/mat_inv-gem5-accel,mat_inv,125798
37,"['A', 'I']",5,256,4,16,spad,cyclic,True,1,4,4,8,4.13485,5.38641,1.25156,0.156982,0.10043,0.257412,5.64382,19201,124922,12169,6739.31,290,2,12,9,./outputs/mat_inv-gem5-accel,mat_inv,131661
38,"['A', 'I']",5,256,4,16,spad,cyclic,True,1,4,8,1,5.72653,6.9241,1.19757,0.217366,0.10043,0.317796,7.2419,13867,119059,7798,6739.31,285,2,12,8,./outputs/mat_inv-gem5-accel,mat_inv,125798
39,"['A', 'I']",5,256,4,16,spad,cyclic,True,1,4,8,8,6.05113,7.30269,1.25156,0.229759,0.10043,0.330189,7.63288,13119,124922,7185,6739.31,290,2,12,9,./outputs/mat_inv-gem5-accel,mat_inv,131661
40,"['A', 'I']",5,256,4,16,spad,cyclic,True,1,4,16,1,7.33398,8.86882,1.53484,0.278423,0.10043,0.378853,9.24767,10826,158305,5306,6739.31,285,2,12,16,./outputs/mat_inv-gem5-accel,mat_inv,165044
41,"['A', 'I']",5,256,4,16,spad,cyclic,True,1,4,16,8,7.87583,9.4225,1.54667,0.299088,0.10043,0.399518,9.82202,10078,159262,4693,6739.31,290,2,12,16,./outputs/mat_inv-gem5-accel,mat_inv,166001
42,"['A', 'I']",5,256,4,16,spad,cyclic,True,1,16,4,1,3.98107,5.17864,1.19757,0.151096,0.10043,0.251526,5.43016,19949,119059,12782,6739.31,285,2,12,8,./outputs/mat_inv-gem5-accel,mat_inv,125798
43,"['A', 'I']",5,256,4,16,spad,cyclic,True,1,16,4,8,4.13485,5.38641,1.25156,0.156982,0.10043,0.257412,5.64382,19201,124922,12169,6739.31,290,2,12,9,./outputs/mat_inv-gem5-accel,mat_inv,131661
44,"['A', 'I']",5,256,4,16,spad,cyclic,True,1,16,8,1,5.72653,6.9241,1.19757,0.217366,0.10043,0.317796,7.2419,13867,119059,7798,6739.31,285,2,12,8,./outputs/mat_inv-gem5-accel,mat_inv,125798
45,"['A', 'I']",5,256,4,16,spad,cyclic,True,1,16,8,8,6.05113,7.30269,1.25156,0.229759,0.10043,0.330189,7.63288,13119,124922,7185,6739.31,290,2,12,9,./outputs/mat_inv-gem5-accel,mat_inv,131661
46,"['A', 'I']",5,256,4,16,spad,cyclic,True,1,16,16,1,7.33398,8.86882,1.53484,0.278423,0.10043,0.378853,9.24767,10826,158305,5306,6739.31,285,2,12,16,./outputs/mat_inv-gem5-accel,mat_inv,165044
47,"['A', 'I']",5,256,4,16,spad,cyclic,True,1,16,16,8,7.87583,9.4225,1.54667,0.299088,0.10043,0.399518,9.82202,10078,159262,4693,6739.31,290,2,12,16,./outputs/mat_inv-gem5-accel,mat_inv,166001
48,"['A', 'I']",5,64,8,16,spad,block,True,1,4,4,1,2.87466,3.78296,0.908302,0.109843,0.20086,0.310704,4.09366,27441,83842.4,13902,13478.6,279,2,5,4,./outputs/mat_inv-gem5-accel,mat_inv,97321
49,"['A', 'I']",5,64,8,16,spad,block,True,1,4,4,8,2.95428,3.87441,0.920134,0.112921,0.20086,0.313782,4.18819,26693,84799.4,13261,13478.6,284,2,5,4,./outputs/mat_inv-gem5-accel,mat_inv,98278
50,"['A', 'I']",5,64,8,16,spad,block,True,1,4,8,1,3.7139,4.62221,0.908302,0.141825,0.20086,0.342685,4.96489,21253,83842.4,9041,13478.6,279,2,5,4,./outputs/mat_inv-gem5-accel,mat_inv,97321
51,"['A', 'I']",5,64,8,16,spad,block,True,1,4,8,8,3.84817,4.7683,0.920134,0.146999,0.20086,0.347859,5.11616,20505,84799.4,8400,13478.6,284,2,5,4,./outputs/mat_inv-gem5-accel,mat_inv,98278
52,"['A', 'I']",5,64,8,16,spad,block,True,1,4,16,1,3.94494,4.85324,0.908302,0.153457,0.20086,0.354318,5.20756,19642,83842.4,7672,13478.6,279,2,5,4,./outputs/mat_inv-gem5-accel,mat_inv,97321
53,"['A', 'I']",5,64,8,16,spad,block,True,1,4,16,8,4.0998,5.01994,0.920134,0.159533,0.20086,0.360393,5.38033,18894,84799.4,7031,13478.6,284,2,5,4,./outputs/mat_inv-gem5-accel,mat_inv,98278
54,"['A', 'I']",5,64,8,16,spad,block,True,1,16,4,1,2.87466,3.78296,0.908302,0.109843,0.20086,0.310704,4.09366,27441,83842.4,13902,13478.6,279,2,5,4,./outputs/mat_inv-gem5-accel,mat_inv,97321
55,"['A', 'I']",5,64,8,16,spad,block,True,1,16,4,8,2.95428,3.87441,0.920134,0.112921,0.20086,0.313782,4.18819,26693,84799.4,13261,13478.6,284,2,5,4,./outputs/mat_inv-gem5-accel,mat_inv,98278
56,"['A', 'I']",5,64,8,16,spad,block,True,1,16,8,1,3.7139,4.62221,0.908302,0.141825,0.20086,0.342685,4.96489,21253,83842.4,9041,13478.6,279,2,5,4,./outputs/mat_inv-gem5-accel,mat_inv,97321
57,"['A', 'I']",5,64,8,16,spad,block,True,1,16,8,8,3.84817,4.7683,0.920134,0.146999,0.20086,0.347859,5.11616,20505,84799.4,8400,13478.6,284,2,5,4,./outputs/mat_inv-gem5-accel,mat_inv,98278
58,"['A', 'I']",5,64,8,16,spad,block,True,1,16,16,1,3.94494,4.85324,0.908302,0.153457,0.20086,0.354318,5.20756,19642,83842.4,7672,13478.6,279,2,5,4,./outputs/mat_inv-gem5-accel,mat_inv,97321
59,"['A', 'I']",5,64,8,16,spad,block,True,1,16,16,8,4.0998,5.01994,0.920134,0.159533,0.20086,0.360393,5.38033,18894,84799.4,7031,13478.6,284,2,5,4,./outputs/mat_inv-gem5-accel,mat_inv,98278
60,"['A', 'I']",5,64,8,16,spad,cyclic,True,1,4,4,1,4.17779,5.80184,1.62405,0.158735,0.20086,0.359595,6.16144,18989,168856,12782,13478.6,297,2,16,16,./outputs/mat_inv-gem5-accel,mat_inv,182334
61,"['A', 'I']",5,64,8,16,spad,cyclic,True,1,4,4,8,4.3384,6.01644,1.67805,0.164837,0.20086,0.365697,6.38214,18286,174719,12169,13478.6,302,2,16,17,./outputs/mat_inv-gem5-accel,mat_inv,188197
62,"['A', 'I']",5,64,8,16,spad,cyclic,True,1,4,8,1,6.65799,8.28204,1.62405,0.253274,0.20086,0.454134,8.73618,11901,168856,7798,13478.6,297,2,16,16,./outputs/mat_inv-gem5-accel,mat_inv,182334
63,"['A', 'I']",5,64,8,16,spad,cyclic,True,1,4,8,8,7.07596,8.75401,1.67805,0.269174,0.20086,0.470034,9.22404,11198,174719,7185,13478.6,302,2,16,17,./outputs/mat_inv-gem5-accel,mat_inv,188197
64,"['A', 'I']",5,64,8,16,spad,cyclic,True,1,4,16,1,8.94146,10.5655,1.62405,0.340204,0.20086,0.541065,11.1066,8860,168856,5306,13478.6,297,2,16,16,./outputs/mat_inv-gem5-accel,mat_inv,182334
65,"['A', 'I']",5,64,8,16,spad,cyclic,True,1,4,16,8,9.71206,11.3901,1.67805,0.369524,0.20086,0.570385,11.9605,8157,174719,4693,13478.6,302,2,16,17,./outputs/mat_inv-gem5-accel,mat_inv,188197
66,"['A', 'I']",5,64,8,16,spad,cyclic,True,1,16,4,1,4.17779,5.80184,1.62405,0.158735,0.20086,0.359595,6.16144,18989,168856,12782,13478.6,297,2,16,16,./outputs/mat_inv-gem5-accel,mat_inv,182334
67,"['A', 'I']",5,64,8,16,spad,cyclic,True,1,16,4,8,4.3384,6.01644,1.67805,0.164837,0.20086,0.365697,6.38214,18286,174719,12169,13478.6,302,2,16,17,./outputs/mat_inv-gem5-accel,mat_inv,188197
68,"['A', 'I']",5,64,8,16,spad,cyclic,True,1,16,8,1,6.65799,8.28204,1.62405,0.253274,0.20086,0.454134,8.73618,11901,168856,7798,13478.6,297,2,16,16,./outputs/mat_inv-gem5-accel,mat_inv,182334
69,"['A', 'I']",5,64,8,16,spad,cyclic,True,1,16,8,8,7.07596,8.75401,1.67805,0.269174,0.20086,0.470034,9.22404,11198,174719,7185,13478.6,302,2,16,17,./outputs/mat_inv-gem5-accel,mat_inv,188197
70,"['A', 'I']",5,64,8,16,spad,cyclic,True,1,16,16,1,8.94146,10.5655,1.62405,0.340204,0.20086,0.541065,11.1066,8860,168856,5306,13478.6,297,2,16,16,./outputs/mat_inv-gem5-accel,mat_inv,182334
71,"['A', 'I']",5,64,8,16,spad,cyclic,True,1,16,16,8,9.71206,11.3901,1.67805,0.369524,0.20086,0.570385,11.9605,8157,174719,4693,13478.6,302,2,16,17,./outputs/mat_inv-gem5-accel,mat_inv,188197
72,"['A', 'I']",5,256,8,16,spad,block,True,1,4,4,1,2.87466,3.78296,0.908302,0.109843,0.20086,0.310704,4.09366,27441,83842.4,13902,13478.6,279,2,5,4,./outputs/mat_inv-gem5-accel,mat_inv,97321
73,"['A', 'I']",5,256,8,16,spad,block,True,1,4,4,8,2.95428,3.87441,0.920134,0.112921,0.20086,0.313782,4.18819,26693,84799.4,13261,13478.6,284,2,5,4,./outputs/mat_inv-gem5-accel,mat_inv,98278
74,"['A', 'I']",5,256,8,16,spad,block,True,1,4,8,1,3.7139,4.62221,0.908302,0.141825,0.20086,0.342685,4.96489,21253,83842.4,9041,13478.6,279,2,5,4,./outputs/mat_inv-gem5-accel,mat_inv,97321
75,"['A', 'I']",5,256,8,16,spad,block,True,1,4,8,8,3.84817,4.7683,0.920134,0.146999,0.20086,0.347859,5.11616,20505,84799.4,8400,13478.6,284,2,5,4,./outputs/mat_inv-gem5-accel,mat_inv,98278
76,"['A', 'I']",5,256,8,16,spad,block,True,1,4,16,1,3.94494,4.85324,0.908302,0.153457,0.20086,0.354318,5.20756,19642,83842.4,7672,13478.6,279,2,5,4,./outputs/mat_inv-gem5-accel,mat_inv,97321
77,"['A', 'I']",5,256,8,16,spad,block,True,1,4,16,8,4.0998,5.01994,0.920134,0.159533,0.20086,0.360393,5.38033,18894,84799.4,7031,13478.6,284,2,5,4,./outputs/mat_inv-gem5-accel,mat_inv,98278
78,"['A', 'I']",5,256,8,16,spad,block,True,1,16,4,1,2.87466,3.78296,0.908302,0.109843,0.20086,0.310704,4.09366,27441,83842.4,13902,13478.6,279,2,5,4,./outputs/mat_inv-gem5-accel,mat_inv,97321
79,"['A', 'I']",5,256,8,16,spad,block,True,1,16,4,8,2.95428,3.87441,0.920134,0.112921,0.20086,0.313782,4.18819,26693,84799.4,13261,13478.6,284,2,5,4,./outputs/mat_inv-gem5-accel,mat_inv,98278
80,"['A', 'I']",5,256,8,16,spad,block,True,1,16,8,1,3.7139,4.62221,0.908302,0.141825,0.20086,0.342685,4.96489,21253,83842.4,9041,13478.6,279,2,5,4,./outputs/mat_inv-gem5-accel,mat_inv,97321
81,"['A', 'I']",5,256,8,16,spad,block,True,1,16,8,8,3.84817,4.7683,0.920134,0.146999,0.20086,0.347859,5.11616,20505,84799.4,8400,13478.6,284,2,5,4,./outputs/mat_inv-gem5-accel,mat_inv,98278
82,"['A', 'I']",5,256,8,16,spad,block,True,1,16,16,1,3.94494,4.85324,0.908302,0.153457,0.20086,0.354318,5.20756,19642,83842.4,7672,13478.6,279,2,5,4,./outputs/mat_inv-gem5-accel,mat_inv,97321
83,"['A', 'I']",5,256,8,16,spad,block,True,1,16,16,8,4.0998,5.01994,0.920134,0.159533,0.20086,0.360393,5.38033,18894,84799.4,7031,13478.6,284,2,5,4,./outputs/mat_inv-gem5-accel,mat_inv,98278
84,"['A', 'I']",5,256,8,16,spad,cyclic,True,1,4,4,1,4.17779,5.80184,1.62405,0.158735,0.20086,0.359595,6.16144,18989,168856,12782,13478.6,297,2,16,16,./outputs/mat_inv-gem5-accel,mat_inv,182334
85,"['A', 'I']",5,256,8,16,spad,cyclic,True,1,4,4,8,4.3384,6.01644,1.67805,0.164837,0.20086,0.365697,6.38214,18286,174719,12169,13478.6,302,2,16,17,./outputs/mat_inv-gem5-accel,mat_inv,188197
86,"['A', 'I']",5,256,8,16,spad,cyclic,True,1,4,8,1,6.65799,8.28204,1.62405,0.253274,0.20086,0.454134,8.73618,11901,168856,7798,13478.6,297,2,16,16,./outputs/mat_inv-gem5-accel,mat_inv,182334
87,"['A', 'I']",5,256,8,16,spad,cyclic,True,1,4,8,8,7.07596,8.75401,1.67805,0.269174,0.20086,0.470034,9.22404,11198,174719,7185,13478.6,302,2,16,17,./outputs/mat_inv-gem5-accel,mat_inv,188197
88,"['A', 'I']",5,256,8,16,spad,cyclic,True,1,4,16,1,8.94146,10.5655,1.62405,0.340204,0.20086,0.541065,11.1066,8860,168856,5306,13478.6,297,2,16,16,./outputs/mat_inv-gem5-accel,mat_inv,182334
89,"['A', 'I']",5,256,8,16,spad,cyclic,True,1,4,16,8,9.71206,11.3901,1.67805,0.369524,0.20086,0.570385,11.9605,8157,174719,4693,13478.6,302,2,16,17,./outputs/mat_inv-gem5-accel,mat_inv,188197
90,"['A', 'I']",5,256,8,16,spad,cyclic,True,1,16,4,1,4.17779,5.80184,1.62405,0.158735,0.20086,0.359595,6.16144,18989,168856,12782,13478.6,297,2,16,16,./outputs/mat_inv-gem5-accel,mat_inv,182334
91,"['A', 'I']",5,256,8,16,spad,cyclic,True,1,16,4,8,4.3384,6.01644,1.67805,0.164837,0.20086,0.365697,6.38214,18286,174719,12169,13478.6,302,2,16,17,./outputs/mat_inv-gem5-accel,mat_inv,188197
92,"['A', 'I']",5,256,8,16,spad,cyclic,True,1,16,8,1,6.65799,8.28204,1.62405,0.253274,0.20086,0.454134,8.73618,11901,168856,7798,13478.6,297,2,16,16,./outputs/mat_inv-gem5-accel,mat_inv,182334
93,"['A', 'I']",5,256,8,16,spad,cyclic,True,1,16,8,8,7.07596,8.75401,1.67805,0.269174,0.20086,0.470034,9.22404,11198,174719,7185,13478.6,302,2,16,17,./outputs/mat_inv-gem5-accel,mat_inv,188197
94,"['A', 'I']",5,256,8,16,spad,cyclic,True,1,16,16,1,8.94146,10.5655,1.62405,0.340204,0.20086,0.541065,11.1066,8860,168856,5306,13478.6,297,2,16,16,./outputs/mat_inv-gem5-accel,mat_inv,182334
95,"['A', 'I']",5,256,8,16,spad,cyclic,True,1,16,16,8,9.71206,11.3901,1.67805,0.369524,0.20086,0.570385,11.9605,8157,174719,4693,13478.6,302,2,16,17,./outputs/mat_inv-gem5-accel,mat_inv,188197
96,"['A', 'I']",5,64,16,16,spad,block,True,1,4,4,1,2.92338,3.83168,0.908302,0.111865,0.40172,0.513586,4.34527,26945,83842.4,13982,26957.2,279,2,5,4,./outputs/mat_inv-gem5-accel,mat_inv,110800
97,"['A', 'I']",5,64,16,16,spad,block,True,1,4,4,8,3.0059,3.92604,0.920134,0.115059,0.40172,0.51678,4.44282,26197,84799.4,13339,26957.2,284,2,5,4,./outputs/mat_inv-gem5-accel,mat_inv,111757
98,"['A', 'I']",5,64,16,16,spad,block,True,1,4,8,1,3.82094,4.72924,0.908302,0.146115,0.40172,0.547836,5.27708,20629,83842.4,9121,26957.2,279,2,5,4,./outputs/mat_inv-gem5-accel,mat_inv,110800
99,"['A', 'I']",5,64,16,16,spad,block,True,1,4,8,8,3.96345,4.88358,0.920134,0.151613,0.40172,0.553333,5.43692,19881,84799.4,8478,26957.2,284,2,5,4,./outputs/mat_inv-gem5-accel,mat_inv,111757
100,"['A', 'I']",5,64,16,16,spad,block,True,1,4,16,1,4.05983,4.96814,0.908302,0.158359,0.40172,0.56008,5.52822,19034,83842.4,7832,26957.2,279,2,5,4,./outputs/mat_inv-gem5-accel,mat_inv,110800
101,"['A', 'I']",5,64,16,16,spad,block,True,1,4,16,8,4.22454,5.14468,0.920134,0.164837,0.40172,0.566558,5.71124,18286,84799.4,7189,26957.2,284,2,5,4,./outputs/mat_inv-gem5-accel,mat_inv,111757
102,"['A', 'I']",5,64,16,16,spad,block,True,1,16,4,1,2.92338,3.83168,0.908302,0.111865,0.40172,0.513586,4.34527,26945,83842.4,13982,26957.2,279,2,5,4,./outputs/mat_inv-gem5-accel,mat_inv,110800
103,"['A', 'I']",5,64,16,16,spad,block,True,1,16,4,8,3.0059,3.92604,0.920134,0.115059,0.40172,0.51678,4.44282,26197,84799.4,13339,26957.2,284,2,5,4,./outputs/mat_inv-gem5-accel,mat_inv,111757
104,"['A', 'I']",5,64,16,16,spad,block,True,1,16,8,1,3.82094,4.72924,0.908302,0.146115,0.40172,0.547836,5.27708,20629,83842.4,9121,26957.2,279,2,5,4,./outputs/mat_inv-gem5-accel,mat_inv,110800
105,"['A', 'I']",5,64,16,16,spad,block,True,1,16,8,8,3.96345,4.88358,0.920134,0.151613,0.40172,0.553333,5.43692,19881,84799.4,8478,26957.2,284,2,5,4,./outputs/mat_inv-gem5-accel,mat_inv,111757
106,"['A', 'I']",5,64,16,16,spad,block,True,1,16,16,1,4.05983,4.96814,0.908302,0.158359,0.40172,0.56008,5.52822,19034,83842.4,7832,26957.2,279,2,5,4,./outputs/mat_inv-gem5-accel,mat_inv,110800
107,"['A', 'I']",5,64,16,16,spad,block,True,1,16,16,8,4.22454,5.14468,0.920134,0.164837,0.40172,0.566558,5.71124,18286,84799.4,7189,26957.2,284,2,5,4,./outputs/mat_inv-gem5-accel,mat_inv,111757
108,"['A', 'I']",5,64,16,16,spad,cyclic,True,1,4,4,1,4.28379,5.96464,1.68085,0.162851,0.40172,0.564571,6.52921,18509,173450,12782,26957.2,321,2,16,16,./outputs/mat_inv-gem5-accel,mat_inv,200407
109,"['A', 'I']",5,64,16,16,spad,cyclic,True,1,4,4,8,4.4454,6.18024,1.73484,0.168996,0.40172,0.570716,6.75096,17836,179312,12169,26957.2,326,2,16,17,./outputs/mat_inv-gem5-accel,mat_inv,206270
110,"['A', 'I']",5,64,16,16,spad,cyclic,True,1,4,8,1,6.934,8.61485,1.68085,0.263918,0.40172,0.665639,9.28049,11421,173450,7798,26957.2,321,2,16,16,./outputs/mat_inv-gem5-accel,mat_inv,200407
111,"['A', 'I']",5,64,16,16,spad,cyclic,True,1,4,8,8,7.36814,9.10298,1.73484,0.280444,0.40172,0.682164,9.78515,10748,179312,7185,26957.2,326,2,16,17,./outputs/mat_inv-gem5-accel,mat_inv,206270
112,"['A', 'I']",5,64,16,16,spad,cyclic,True,1,4,16,1,10.0459,11.7268,1.68085,0.38266,0.40172,0.78438,12.5112,7877,173450,5306,26957.2,321,2,16,16,./outputs/mat_inv-gem5-accel,mat_inv,200407
113,"['A', 'I']",5,64,16,16,spad,cyclic,True,1,4,16,8,10.9781,12.7129,1.73484,0.41835,0.40172,0.82007,13.533,7205,179312,4695,26957.2,326,2,16,17,./outputs/mat_inv-gem5-accel,mat_inv,206270
114,"['A', 'I']",5,64,16,16,spad,cyclic,True,1,16,4,1,4.28379,5.96464,1.68085,0.162851,0.40172,0.564571,6.52921,18509,173450,12782,26957.2,321,2,16,16,./outputs/mat_inv-gem5-accel,mat_inv,200407
115,"['A', 'I']",5,64,16,16,spad,cyclic,True,1,16,4,8,4.4454,6.18024,1.73484,0.168996,0.40172,0.570716,6.75096,17836,179312,12169,26957.2,326,2,16,17,./outputs/mat_inv-gem5-accel,mat_inv,206270
116,"['A', 'I']",5,64,16,16,spad,cyclic,True,1,16,8,1,6.934,8.61485,1.68085,0.263918,0.40172,0.665639,9.28049,11421,173450,7798,26957.2,321,2,16,16,./outputs/mat_inv-gem5-accel,mat_inv,200407
117,"['A', 'I']",5,64,16,16,spad,cyclic,True,1,16,8,8,7.36814,9.10298,1.73484,0.280444,0.40172,0.682164,9.78515,10748,179312,7185,26957.2,326,2,16,17,./outputs/mat_inv-gem5-accel,mat_inv,206270
118,"['A', 'I']",5,64,16,16,spad,cyclic,True,1,16,16,1,10.0459,11.7268,1.68085,0.38266,0.40172,0.78438,12.5112,7877,173450,5306,26957.2,321,2,16,16,./outputs/mat_inv-gem5-accel,mat_inv,200407
119,"['A', 'I']",5,64,16,16,spad,cyclic,True,1,16,16,8,10.9781,12.7129,1.73484,0.41835,0.40172,0.82007,13.533,7205,179312,4695,26957.2,326,2,16,17,./outputs/mat_inv-gem5-accel,mat_inv,206270
120,"['A', 'I']",5,256,16,16,spad,block,True,1,4,4,1,2.92338,3.83168,0.908302,0.111865,0.40172,0.513586,4.34527,26945,83842.4,13982,26957.2,279,2,5,4,./outputs/mat_inv-gem5-accel,mat_inv,110800
121,"['A', 'I']",5,256,16,16,spad,block,True,1,4,4,8,3.0059,3.92604,0.920134,0.115059,0.40172,0.51678,4.44282,26197,84799.4,13339,26957.2,284,2,5,4,./outputs/mat_inv-gem5-accel,mat_inv,111757
122,"['A', 'I']",5,256,16,16,spad,block,True,1,4,8,1,3.82094,4.72924,0.908302,0.146115,0.40172,0.547836,5.27708,20629,83842.4,9121,26957.2,279,2,5,4,./outputs/mat_inv-gem5-accel,mat_inv,110800
123,"['A', 'I']",5,256,16,16,spad,block,True,1,4,8,8,3.96345,4.88358,0.920134,0.151613,0.40172,0.553333,5.43692,19881,84799.4,8478,26957.2,284,2,5,4,./outputs/mat_inv-gem5-accel,mat_inv,111757
124,"['A', 'I']",5,256,16,16,spad,block,True,1,4,16,1,4.05983,4.96814,0.908302,0.158359,0.40172,0.56008,5.52822,19034,83842.4,7832,26957.2,279,2,5,4,./outputs/mat_inv-gem5-accel,mat_inv,110800
125,"['A', 'I']",5,256,16,16,spad,block,True,1,4,16,8,4.22454,5.14468,0.920134,0.164837,0.40172,0.566558,5.71124,18286,84799.4,7189,26957.2,284,2,5,4,./outputs/mat_inv-gem5-accel,mat_inv,111757
126,"['A', 'I']",5,256,16,16,spad,block,True,1,16,4,1,2.92338,3.83168,0.908302,0.111865,0.40172,0.513586,4.34527,26945,83842.4,13982,26957.2,279,2,5,4,./outputs/mat_inv-gem5-accel,mat_inv,110800
127,"['A', 'I']",5,256,16,16,spad,block,True,1,16,4,8,3.0059,3.92604,0.920134,0.115059,0.40172,0.51678,4.44282,26197,84799.4,13339,26957.2,284,2,5,4,./outputs/mat_inv-gem5-accel,mat_inv,111757
128,"['A', 'I']",5,256,16,16,spad,block,True,1,16,8,1,3.82094,4.72924,0.908302,0.146115,0.40172,0.547836,5.27708,20629,83842.4,9121,26957.2,279,2,5,4,./outputs/mat_inv-gem5-accel,mat_inv,110800
129,"['A', 'I']",5,256,16,16,spad,block,True,1,16,8,8,3.96345,4.88358,0.920134,0.151613,0.40172,0.553333,5.43692,19881,84799.4,8478,26957.2,284,2,5,4,./outputs/mat_inv-gem5-accel,mat_inv,111757
130,"['A', 'I']",5,256,16,16,spad,block,True,1,16,16,1,4.05983,4.96814,0.908302,0.158359,0.40172,0.56008,5.52822,19034,83842.4,7832,26957.2,279,2,5,4,./outputs/mat_inv-gem5-accel,mat_inv,110800
131,"['A', 'I']",5,256,16,16,spad,block,True,1,16,16,8,4.22454,5.14468,0.920134,0.164837,0.40172,0.566558,5.71124,18286,84799.4,7189,26957.2,284,2,5,4,./outputs/mat_inv-gem5-accel,mat_inv,111757
132,"['A', 'I']",5,256,16,16,spad,cyclic,True,1,4,4,1,4.28379,5.96464,1.68085,0.162851,0.40172,0.564571,6.52921,18509,173450,12782,26957.2,321,2,16,16,./outputs/mat_inv-gem5-accel,mat_inv,200407
133,"['A', 'I']",5,256,16,16,spad,cyclic,True,1,4,4,8,4.4454,6.18024,1.73484,0.168996,0.40172,0.570716,6.75096,17836,179312,12169,26957.2,326,2,16,17,./outputs/mat_inv-gem5-accel,mat_inv,206270
134,"['A', 'I']",5,256,16,16,spad,cyclic,True,1,4,8,1,6.934,8.61485,1.68085,0.263918,0.40172,0.665639,9.28049,11421,173450,7798,26957.2,321,2,16,16,./outputs/mat_inv-gem5-accel,mat_inv,200407
135,"['A', 'I']",5,256,16,16,spad,cyclic,True,1,4,8,8,7.36814,9.10298,1.73484,0.280444,0.40172,0.682164,9.78515,10748,179312,7185,26957.2,326,2,16,17,./outputs/mat_inv-gem5-accel,mat_inv,206270
136,"['A', 'I']",5,256,16,16,spad,cyclic,True,1,4,16,1,10.0459,11.7268,1.68085,0.38266,0.40172,0.78438,12.5112,7877,173450,5306,26957.2,321,2,16,16,./outputs/mat_inv-gem5-accel,mat_inv,200407
137,"['A', 'I']",5,256,16,16,spad,cyclic,True,1,4,16,8,10.9781,12.7129,1.73484,0.41835,0.40172,0.82007,13.533,7205,179312,4695,26957.2,326,2,16,17,./outputs/mat_inv-gem5-accel,mat_inv,206270
138,"['A', 'I']",5,256,16,16,spad,cyclic,True,1,16,4,1,4.28379,5.96464,1.68085,0.162851,0.40172,0.564571,6.52921,18509,173450,12782,26957.2,321,2,16,16,./outputs/mat_inv-gem5-accel,mat_inv,200407
139,"['A', 'I']",5,256,16,16,spad,cyclic,True,1,16,4,8,4.4454,6.18024,1.73484,0.168996,0.40172,0.570716,6.75096,17836,179312,12169,26957.2,326,2,16,17,./outputs/mat_inv-gem5-accel,mat_inv,206270
140,"['A', 'I']",5,256,16,16,spad,cyclic,True,1,16,8,1,6.934,8.61485,1.68085,0.263918,0.40172,0.665639,9.28049,11421,173450,7798,26957.2,321,2,16,16,./outputs/mat_inv-gem5-accel,mat_inv,200407
141,"['A', 'I']",5,256,16,16,spad,cyclic,True,1,16,8,8,7.36814,9.10298,1.73484,0.280444,0.40172,0.682164,9.78515,10748,179312,7185,26957.2,326,2,16,17,./outputs/mat_inv-gem5-accel,mat_inv,206270
142,"['A', 'I']",5,256,16,16,spad,cyclic,True,1,16,16,1,10.0459,11.7268,1.68085,0.38266,0.40172,0.78438,12.5112,7877,173450,5306,26957.2,321,2,16,16,./outputs/mat_inv-gem5-accel,mat_inv,200407
143,"['A', 'I']",5,256,16,16,spad,cyclic,True,1,16,16,8,10.9781,12.7129,1.73484,0.41835,0.40172,0.82007,13.533,7205,179312,4695,26957.2,326,2,16,17,./outputs/mat_inv-gem5-accel,mat_inv,206270
144,"['A', 'I']",10,64,4,16,spad,block,True,1,4,4,1,2.84312,3.75885,0.915733,0.0530727,0.10043,0.153503,3.91236,28397,85906.3,13706,6739.31,279,2,5,4,./outputs/mat_inv-gem5-accel,mat_inv,92645.6
145,"['A', 'I']",10,64,4,16,spad,block,True,1,4,4,8,2.91955,3.84705,0.927507,0.0545085,0.10043,0.154939,4.00199,27649,86863.3,13069,6739.31,284,2,5,4,./outputs/mat_inv-gem5-accel,mat_inv,93602.6
146,"['A', 'I']",10,64,4,16,spad,block,True,1,4,8,1,3.59407,4.5098,0.915733,0.0670868,0.10043,0.167517,4.67731,22465,85906.3,8845,6739.31,279,2,5,4,./outputs/mat_inv-gem5-accel,mat_inv,92645.6
147,"['A', 'I']",10,64,4,16,spad,block,True,1,4,8,8,3.71723,4.64474,0.927507,0.0693975,0.10043,0.169828,4.81457,21717,86863.3,8208,6739.31,284,2,5,4,./outputs/mat_inv-gem5-accel,mat_inv,93602.6
148,"['A', 'I']",10,64,4,16,spad,block,True,1,4,16,1,3.84474,4.76048,0.915733,0.07237,0.10043,0.1728,4.93328,20825,85906.3,7316,6739.31,279,2,5,4,./outputs/mat_inv-gem5-accel,mat_inv,92645.6
149,"['A', 'I']",10,64,4,16,spad,block,True,1,4,16,8,3.98731,4.91482,0.927507,0.0750662,0.10043,0.175496,5.09032,20077,86863.3,6679,6739.31,284,2,5,4,./outputs/mat_inv-gem5-accel,mat_inv,93602.6
150,"['A', 'I']",10,64,4,16,spad,block,True,1,16,4,1,2.84312,3.75885,0.915733,0.0530727,0.10043,0.153503,3.91236,28397,85906.3,13706,6739.31,279,2,5,4,./outputs/mat_inv-gem5-accel,mat_inv,92645.6
151,"['A', 'I']",10,64,4,16,spad,block,True,1,16,4,8,2.91955,3.84705,0.927507,0.0545085,0.10043,0.154939,4.00199,27649,86863.3,13069,6739.31,284,2,5,4,./outputs/mat_inv-gem5-accel,mat_inv,93602.6
152,"['A', 'I']",10,64,4,16,spad,block,True,1,16,8,1,3.59407,4.5098,0.915733,0.0670868,0.10043,0.167517,4.67731,22465,85906.3,8845,6739.31,279,2,5,4,./outputs/mat_inv-gem5-accel,mat_inv,92645.6
153,"['A', 'I']",10,64,4,16,spad,block,True,1,16,8,8,3.71723,4.64474,0.927507,0.0693975,0.10043,0.169828,4.81457,21717,86863.3,8208,6739.31,284,2,5,4,./outputs/mat_inv-gem5-accel,mat_inv,93602.6
154,"['A', 'I']",10,64,4,16,spad,block,True,1,16,16,1,3.84474,4.76048,0.915733,0.07237,0.10043,0.1728,4.93328,20825,85906.3,7316,6739.31,279,2,5,4,./outputs/mat_inv-gem5-accel,mat_inv,92645.6
155,"['A', 'I']",10,64,4,16,spad,block,True,1,16,16,8,3.98731,4.91482,0.927507,0.0750662,0.10043,0.175496,5.09032,20077,86863.3,6679,6739.31,284,2,5,4,./outputs/mat_inv-gem5-accel,mat_inv,93602.6
156,"['A', 'I']",10,64,4,16,spad,cyclic,True,1,4,4,1,4.07349,5.2892,1.21571,0.0756845,0.10043,0.176115,5.46532,19913,123187,12746,6739.31,285,2,12,8,./outputs/mat_inv-gem5-accel,mat_inv,129926
157,"['A', 'I']",10,64,4,16,spad,cyclic,True,1,4,4,8,4.23178,5.50403,1.27225,0.0786384,0.10043,0.179069,5.68309,19165,129565,12133,6739.31,290,2,12,9,./outputs/mat_inv-gem5-accel,mat_inv,136305
158,"['A', 'I']",10,64,4,16,spad,cyclic,True,1,4,8,1,5.86481,7.08051,1.21571,0.108966,0.10043,0.209396,7.28991,13831,123187,7762,6739.31,285,2,12,8,./outputs/mat_inv-gem5-accel,mat_inv,129926
159,"['A', 'I']",10,64,4,16,spad,cyclic,True,1,4,8,8,6.19909,7.47133,1.27225,0.115196,0.10043,0.215626,7.68696,13083,129565,7149,6739.31,290,2,12,9,./outputs/mat_inv-gem5-accel,mat_inv,136305
160,"['A', 'I']",10,64,4,16,spad,cyclic,True,1,4,16,1,7.51704,9.09087,1.57383,0.139676,0.10043,0.240106,9.33098,10790,166560,5270,6739.31,285,2,12,16,./outputs/mat_inv-gem5-accel,mat_inv,173300
161,"['A', 'I']",10,64,4,16,spad,cyclic,True,1,4,16,8,8.07562,9.66123,1.58561,0.15008,0.10043,0.25051,9.91174,10042,167517,4657,6739.31,290,2,12,16,./outputs/mat_inv-gem5-accel,mat_inv,174257
162,"['A', 'I']",10,64,4,16,spad,cyclic,True,1,16,4,1,4.07349,5.2892,1.21571,0.0756845,0.10043,0.176115,5.46532,19913,123187,12746,6739.31,285,2,12,8,./outputs/mat_inv-gem5-accel,mat_inv,129926
163,"['A', 'I']",10,64,4,16,spad,cyclic,True,1,16,4,8,4.23178,5.50403,1.27225,0.0786384,0.10043,0.179069,5.68309,19165,129565,12133,6739.31,290,2,12,9,./outputs/mat_inv-gem5-accel,mat_inv,136305
164,"['A', 'I']",10,64,4,16,spad,cyclic,True,1,16,8,1,5.86481,7.08051,1.21571,0.108966,0.10043,0.209396,7.28991,13831,123187,7762,6739.31,285,2,12,8,./outputs/mat_inv-gem5-accel,mat_inv,129926
165,"['A', 'I']",10,64,4,16,spad,cyclic,True,1,16,8,8,6.19909,7.47133,1.27225,0.115196,0.10043,0.215626,7.68696,13083,129565,7149,6739.31,290,2,12,9,./outputs/mat_inv-gem5-accel,mat_inv,136305
166,"['A', 'I']",10,64,4,16,spad,cyclic,True,1,16,16,1,7.51704,9.09087,1.57383,0.139676,0.10043,0.240106,9.33098,10790,166560,5270,6739.31,285,2,12,16,./outputs/mat_inv-gem5-accel,mat_inv,173300
167,"['A', 'I']",10,64,4,16,spad,cyclic,True,1,16,16,8,8.07562,9.66123,1.58561,0.15008,0.10043,0.25051,9.91174,10042,167517,4657,6739.31,290,2,12,16,./outputs/mat_inv-gem5-accel,mat_inv,174257
168,"['A', 'I']",10,256,4,16,spad,block,True,1,4,4,1,2.84312,3.75885,0.915733,0.0530727,0.10043,0.153503,3.91236,28397,85906.3,13706,6739.31,279,2,5,4,./outputs/mat_inv-gem5-accel,mat_inv,92645.6
169,"['A', 'I']",10,256,4,16,spad,block,True,1,4,4,8,2.91955,3.84705,0.927507,0.0545085,0.10043,0.154939,4.00199,27649,86863.3,13069,6739.31,284,2,5,4,./outputs/mat_inv-gem5-accel,mat_inv,93602.6
170,"['A', 'I']",10,256,4,16,spad,block,True,1,4,8,1,3.59407,4.5098,0.915733,0.0670868,0.10043,0.167517,4.67731,22465,85906.3,8845,6739.31,279,2,5,4,./outputs/mat_inv-gem5-accel,mat_inv,92645.6
171,"['A', 'I']",10,256,4,16,spad,block,True,1,4,8,8,3.71723,4.64474,0.927507,0.0693975,0.10043,0.169828,4.81457,21717,86863.3,8208,6739.31,284,2,5,4,./outputs/mat_inv-gem5-accel,mat_inv,93602.6
172,"['A', 'I']",10,256,4,16,spad,block,True,1,4,16,1,3.84474,4.76048,0.915733,0.07237,0.10043,0.1728,4.93328,20825,85906.3,7316,6739.31,279,2,5,4,./outputs/mat_inv-gem5-accel,mat_inv,92645.6
173,"['A', 'I']",10,256,4,16,spad,block,True,1,4,16,8,3.98731,4.91482,0.927507,0.0750662,0.10043,0.175496,5.09032,20077,86863.3,6679,6739.31,284,2,5,4,./outputs/mat_inv-gem5-accel,mat_inv,93602.6
174,"['A', 'I']",10,256,4,16,spad,block,True,1,16,4,1,2.84312,3.75885,0.915733,0.0530727,0.10043,0.153503,3.91236,28397,85906.3,13706,6739.31,279,2,5,4,./outputs/mat_inv-gem5-accel,mat_inv,92645.6
175,"['A', 'I']",10,256,4,16,spad,block,True,1,16,4,8,2.91955,3.84705,0.927507,0.0545085,0.10043,0.154939,4.00199,27649,86863.3,13069,6739.31,284,2,5,4,./outputs/mat_inv-gem5-accel,mat_inv,93602.6
176,"['A', 'I']",10,256,4,16,spad,block,True,1,16,8,1,3.59407,4.5098,0.915733,0.0670868,0.10043,0.167517,4.67731,22465,85906.3,8845,6739.31,279,2,5,4,./outputs/mat_inv-gem5-accel,mat_inv,92645.6
177,"['A', 'I']",10,256,4,16,spad,block,True,1,16,8,8,3.71723,4.64474,0.927507,0.0693975,0.10043,0.169828,4.81457,21717,86863.3,8208,6739.31,284,2,5,4,./outputs/mat_inv-gem5-accel,mat_inv,93602.6
178,"['A', 'I']",10,256,4,16,spad,block,True,1,16,16,1,3.84474,4.76048,0.915733,0.07237,0.10043,0.1728,4.93328,20825,85906.3,7316,6739.31,279,2,5,4,./outputs/mat_inv-gem5-accel,mat_inv,92645.6
179,"['A', 'I']",10,256,4,16,spad,block,True,1,16,16,8,3.98731,4.91482,0.927507,0.0750662,0.10043,0.175496,5.09032,20077,86863.3,6679,6739.31,284,2,5,4,./outputs/mat_inv-gem5-accel,mat_inv,93602.6
180,"['A', 'I']",10,256,4,16,spad,cyclic,True,1,4,4,1,4.07349,5.2892,1.21571,0.0756845,0.10043,0.176115,5.46532,19913,123187,12746,6739.31,285,2,12,8,./outputs/mat_inv-gem5-accel,mat_inv,129926
181,"['A', 'I']",10,256,4,16,spad,cyclic,True,1,4,4,8,4.23178,5.50403,1.27225,0.0786384,0.10043,0.179069,5.68309,19165,129565,12133,6739.31,290,2,12,9,./outputs/mat_inv-gem5-accel,mat_inv,136305
182,"['A', 'I']",10,256,4,16,spad,cyclic,True,1,4,8,1,5.86481,7.08051,1.21571,0.108966,0.10043,0.209396,7.28991,13831,123187,7762,6739.31,285,2,12,8,./outputs/mat_inv-gem5-accel,mat_inv,129926
183,"['A', 'I']",10,256,4,16,spad,cyclic,True,1,4,8,8,6.19909,7.47133,1.27225,0.115196,0.10043,0.215626,7.68696,13083,129565,7149,6739.31,290,2,12,9,./outputs/mat_inv-gem5-accel,mat_inv,136305
184,"['A', 'I']",10,256,4,16,spad,cyclic,True,1,4,16,1,7.51704,9.09087,1.57383,0.139676,0.10043,0.240106,9.33098,10790,166560,5270,6739.31,285,2,12,16,./outputs/mat_inv-gem5-accel,mat_inv,173300
185,"['A', 'I']",10,256,4,16,spad,cyclic,True,1,4,16,8,8.07562,9.66123,1.58561,0.15008,0.10043,0.25051,9.91174,10042,167517,4657,6739.31,290,2,12,16,./outputs/mat_inv-gem5-accel,mat_inv,174257
186,"['A', 'I']",10,256,4,16,spad,cyclic,True,1,16,4,1,4.07349,5.2892,1.21571,0.0756845,0.10043,0.176115,5.46532,19913,123187,12746,6739.31,285,2,12,8,./outputs/mat_inv-gem5-accel,mat_inv,129926
187,"['A', 'I']",10,256,4,16,spad,cyclic,True,1,16,4,8,4.23178,5.50403,1.27225,0.0786384,0.10043,0.179069,5.68309,19165,129565,12133,6739.31,290,2,12,9,./outputs/mat_inv-gem5-accel,mat_inv,136305
188,"['A', 'I']",10,256,4,16,spad,cyclic,True,1,16,8,1,5.86481,7.08051,1.21571,0.108966,0.10043,0.209396,7.28991,13831,123187,7762,6739.31,285,2,12,8,./outputs/mat_inv-gem5-accel,mat_inv,129926
189,"['A', 'I']",10,256,4,16,spad,cyclic,True,1,16,8,8,6.19909,7.47133,1.27225,0.115196,0.10043,0.215626,7.68696,13083,129565,7149,6739.31,290,2,12,9,./outputs/mat_inv-gem5-accel,mat_inv,136305
190,"['A', 'I']",10,256,4,16,spad,cyclic,True,1,16,16,1,7.51704,9.09087,1.57383,0.139676,0.10043,0.240106,9.33098,10790,166560,5270,6739.31,285,2,12,16,./outputs/mat_inv-gem5-accel,mat_inv,173300
191,"['A', 'I']",10,256,4,16,spad,cyclic,True,1,16,16,8,8.07562,9.66123,1.58561,0.15008,0.10043,0.25051,9.91174,10042,167517,4657,6739.31,290,2,12,16,./outputs/mat_inv-gem5-accel,mat_inv,174257
192,"['A', 'I']",10,64,8,16,spad,block,True,1,4,4,1,2.94163,3.85737,0.915733,0.0549938,0.20086,0.255854,4.11322,27405,85906.3,13866,13478.6,279,2,5,4,./outputs/mat_inv-gem5-accel,mat_inv,99384.9
193,"['A', 'I']",10,64,8,16,spad,block,True,1,4,4,8,3.02367,3.95118,0.927507,0.0565369,0.20086,0.257397,4.20857,26657,86863.3,13225,13478.6,284,2,5,4,./outputs/mat_inv-gem5-accel,mat_inv,100342
194,"['A', 'I']",10,64,8,16,spad,block,True,1,4,8,1,3.79987,4.7156,0.915733,0.0710329,0.20086,0.271893,4.98749,21217,85906.3,9005,13478.6,279,2,5,4,./outputs/mat_inv-gem5-accel,mat_inv,99384.9
195,"['A', 'I']",10,64,8,16,spad,block,True,1,4,8,8,3.93807,4.86557,0.927507,0.0736287,0.20086,0.274489,5.14006,20469,86863.3,8364,13478.6,284,2,5,4,./outputs/mat_inv-gem5-accel,mat_inv,100342
196,"['A', 'I']",10,64,8,16,spad,block,True,1,4,16,1,4.07138,4.98711,0.915733,0.0768578,0.20086,0.277718,5.26483,19609,85906.3,7636,13478.6,279,2,5,4,./outputs/mat_inv-gem5-accel,mat_inv,99384.9
197,"['A', 'I']",10,64,8,16,spad,block,True,1,4,16,8,4.23213,5.15963,0.927507,0.0799059,0.20086,0.280766,5.4404,18861,86863.3,6995,13478.6,284,2,5,4,./outputs/mat_inv-gem5-accel,mat_inv,100342
198,"['A', 'I']",10,64,8,16,spad,block,True,1,16,4,1,2.94163,3.85737,0.915733,0.0549938,0.20086,0.255854,4.11322,27405,85906.3,13866,13478.6,279,2,5,4,./outputs/mat_inv-gem5-accel,mat_inv,99384.9
199,"['A', 'I']",10,64,8,16,spad,block,True,1,16,4,8,3.02367,3.95118,0.927507,0.0565369,0.20086,0.257397,4.20857,26657,86863.3,13225,13478.6,284,2,5,4,./outputs/mat_inv-gem5-accel,mat_inv,100342
200,"['A', 'I']",10,64,8,16,spad,block,True,1,16,8,1,3.79987,4.7156,0.915733,0.0710329,0.20086,0.271893,4.98749,21217,85906.3,9005,13478.6,279,2,5,4,./outputs/mat_inv-gem5-accel,mat_inv,99384.9
201,"['A', 'I']",10,64,8,16,spad,block,True,1,16,8,8,3.93807,4.86557,0.927507,0.0736287,0.20086,0.274489,5.14006,20469,86863.3,8364,13478.6,284,2,5,4,./outputs/mat_inv-gem5-accel,mat_inv,100342
202,"['A', 'I']",10,64,8,16,spad,block,True,1,16,16,1,4.07138,4.98711,0.915733,0.0768578,0.20086,0.277718,5.26483,19609,85906.3,7636,13478.6,279,2,5,4,./outputs/mat_inv-gem5-accel,mat_inv,99384.9
203,"['A', 'I']",10,64,8,16,spad,block,True,1,16,16,8,4.23213,5.15963,0.927507,0.0799059,0.20086,0.280766,5.4404,18861,86863.3,6995,13478.6,284,2,5,4,./outputs/mat_inv-gem5-accel,mat_inv,100342
204,"['A', 'I']",10,64,8,16,spad,cyclic,True,1,4,4,1,4.27842,5.94152,1.66311,0.079518,0.20086,0.280378,6.2219,18953,177112,12746,13478.6,297,2,16,16,./outputs/mat_inv-gem5-accel,mat_inv,190590
205,"['A', 'I']",10,64,8,16,spad,cyclic,True,1,4,4,8,4.44321,6.16286,1.71965,0.0825811,0.20086,0.283441,6.4463,18250,183490,12133,13478.6,302,2,16,17,./outputs/mat_inv-gem5-accel,mat_inv,196969
206,"['A', 'I']",10,64,8,16,spad,cyclic,True,1,4,8,1,6.83218,8.49529,1.66311,0.127021,0.20086,0.327881,8.82317,11865,177112,7762,13478.6,297,2,16,16,./outputs/mat_inv-gem5-accel,mat_inv,190590
207,"['A', 'I']",10,64,8,16,spad,cyclic,True,1,4,8,8,7.26246,8.98211,1.71965,0.135021,0.20086,0.335881,9.31799,11162,183490,7149,13478.6,302,2,16,17,./outputs/mat_inv-gem5-accel,mat_inv,196969
208,"['A', 'I']",10,64,8,16,spad,cyclic,True,1,4,16,1,9.18563,10.8487,1.66311,0.170796,0.20086,0.371656,11.2204,8824,177112,5270,13478.6,297,2,16,16,./outputs/mat_inv-gem5-accel,mat_inv,190590
209,"['A', 'I']",10,64,8,16,spad,cyclic,True,1,4,16,8,9.98077,11.7004,1.71965,0.185581,0.20086,0.386441,12.0869,8121,183490,4657,13478.6,302,2,16,17,./outputs/mat_inv-gem5-accel,mat_inv,196969
210,"['A', 'I']",10,64,8,16,spad,cyclic,True,1,16,4,1,4.27842,5.94152,1.66311,0.079518,0.20086,0.280378,6.2219,18953,177112,12746,13478.6,297,2,16,16,./outputs/mat_inv-gem5-accel,mat_inv,190590
211,"['A', 'I']",10,64,8,16,spad,cyclic,True,1,16,4,8,4.44321,6.16286,1.71965,0.0825811,0.20086,0.283441,6.4463,18250,183490,12133,13478.6,302,2,16,17,./outputs/mat_inv-gem5-accel,mat_inv,196969
212,"['A', 'I']",10,64,8,16,spad,cyclic,True,1,16,8,1,6.83218,8.49529,1.66311,0.127021,0.20086,0.327881,8.82317,11865,177112,7762,13478.6,297,2,16,16,./outputs/mat_inv-gem5-accel,mat_inv,190590
213,"['A', 'I']",10,64,8,16,spad,cyclic,True,1,16,8,8,7.26246,8.98211,1.71965,0.135021,0.20086,0.335881,9.31799,11162,183490,7149,13478.6,302,2,16,17,./outputs/mat_inv-gem5-accel,mat_inv,196969
214,"['A', 'I']",10,64,8,16,spad,cyclic,True,1,16,16,1,9.18563,10.8487,1.66311,0.170796,0.20086,0.371656,11.2204,8824,177112,5270,13478.6,297,2,16,16,./outputs/mat_inv-gem5-accel,mat_inv,190590
215,"['A', 'I']",10,64,8,16,spad,cyclic,True,1,16,16,8,9.98077,11.7004,1.71965,0.185581,0.20086,0.386441,12.0869,8121,183490,4657,13478.6,302,2,16,17,./outputs/mat_inv-gem5-accel,mat_inv,196969
216,"['A', 'I']",10,256,8,16,spad,block,True,1,4,4,1,2.94163,3.85737,0.915733,0.0549938,0.20086,0.255854,4.11322,27405,85906.3,13866,13478.6,279,2,5,4,./outputs/mat_inv-gem5-accel,mat_inv,99384.9
217,"['A', 'I']",10,256,8,16,spad,block,True,1,4,4,8,3.02367,3.95118,0.927507,0.0565369,0.20086,0.257397,4.20857,26657,86863.3,13225,13478.6,284,2,5,4,./outputs/mat_inv-gem5-accel,mat_inv,100342
218,"['A', 'I']",10,256,8,16,spad,block,True,1,4,8,1,3.79987,4.7156,0.915733,0.0710329,0.20086,0.271893,4.98749,21217,85906.3,9005,13478.6,279,2,5,4,./outputs/mat_inv-gem5-accel,mat_inv,99384.9
219,"['A', 'I']",10,256,8,16,spad,block,True,1,4,8,8,3.93807,4.86557,0.927507,0.0736287,0.20086,0.274489,5.14006,20469,86863.3,8364,13478.6,284,2,5,4,./outputs/mat_inv-gem5-accel,mat_inv,100342
220,"['A', 'I']",10,256,8,16,spad,block,True,1,4,16,1,4.07138,4.98711,0.915733,0.0768578,0.20086,0.277718,5.26483,19609,85906.3,7636,13478.6,279,2,5,4,./outputs/mat_inv-gem5-accel,mat_inv,99384.9
221,"['A', 'I']",10,256,8,16,spad,block,True,1,4,16,8,4.23213,5.15963,0.927507,0.0799059,0.20086,0.280766,5.4404,18861,86863.3,6995,13478.6,284,2,5,4,./outputs/mat_inv-gem5-accel,mat_inv,100342
222,"['A', 'I']",10,256,8,16,spad,block,True,1,16,4,1,2.94163,3.85737,0.915733,0.0549938,0.20086,0.255854,4.11322,27405,85906.3,13866,13478.6,279,2,5,4,./outputs/mat_inv-gem5-accel,mat_inv,99384.9
223,"['A', 'I']",10,256,8,16,spad,block,True,1,16,4,8,3.02367,3.95118,0.927507,0.0565369,0.20086,0.257397,4.20857,26657,86863.3,13225,13478.6,284,2,5,4,./outputs/mat_inv-gem5-accel,mat_inv,100342
224,"['A', 'I']",10,256,8,16,spad,block,True,1,16,8,1,3.79987,4.7156,0.915733,0.0710329,0.20086,0.271893,4.98749,21217,85906.3,9005,13478.6,279,2,5,4,./outputs/mat_inv-gem5-accel,mat_inv,99384.9
225,"['A', 'I']",10,256,8,16,spad,block,True,1,16,8,8,3.93807,4.86557,0.927507,0.0736287,0.20086,0.274489,5.14006,20469,86863.3,8364,13478.6,284,2,5,4,./outputs/mat_inv-gem5-accel,mat_inv,100342
226,"['A', 'I']",10,256,8,16,spad,block,True,1,16,16,1,4.07138,4.98711,0.915733,0.0768578,0.20086,0.277718,5.26483,19609,85906.3,7636,13478.6,279,2,5,4,./outputs/mat_inv-gem5-accel,mat_inv,99384.9
227,"['A', 'I']",10,256,8,16,spad,block,True,1,16,16,8,4.23213,5.15963,0.927507,0.0799059,0.20086,0.280766,5.4404,18861,86863.3,6995,13478.6,284,2,5,4,./outputs/mat_inv-gem5-accel,mat_inv,100342
228,"['A', 'I']",10,256,8,16,spad,cyclic,True,1,4,4,1,4.27842,5.94152,1.66311,0.079518,0.20086,0.280378,6.2219,18953,177112,12746,13478.6,297,2,16,16,./outputs/mat_inv-gem5-accel,mat_inv,190590
229,"['A', 'I']",10,256,8,16,spad,cyclic,True,1,4,4,8,4.44321,6.16286,1.71965,0.0825811,0.20086,0.283441,6.4463,18250,183490,12133,13478.6,302,2,16,17,./outputs/mat_inv-gem5-accel,mat_inv,196969
230,"['A', 'I']",10,256,8,16,spad,cyclic,True,1,4,8,1,6.83218,8.49529,1.66311,0.127021,0.20086,0.327881,8.82317,11865,177112,7762,13478.6,297,2,16,16,./outputs/mat_inv-gem5-accel,mat_inv,190590
231,"['A', 'I']",10,256,8,16,spad,cyclic,True,1,4,8,8,7.26246,8.98211,1.71965,0.135021,0.20086,0.335881,9.31799,11162,183490,7149,13478.6,302,2,16,17,./outputs/mat_inv-gem5-accel,mat_inv,196969
232,"['A', 'I']",10,256,8,16,spad,cyclic,True,1,4,16,1,9.18563,10.8487,1.66311,0.170796,0.20086,0.371656,11.2204,8824,177112,5270,13478.6,297,2,16,16,./outputs/mat_inv-gem5-accel,mat_inv,190590
233,"['A', 'I']",10,256,8,16,spad,cyclic,True,1,4,16,8,9.98077,11.7004,1.71965,0.185581,0.20086,0.386441,12.0869,8121,183490,4657,13478.6,302,2,16,17,./outputs/mat_inv-gem5-accel,mat_inv,196969
234,"['A', 'I']",10,256,8,16,spad,cyclic,True,1,16,4,1,4.27842,5.94152,1.66311,0.079518,0.20086,0.280378,6.2219,18953,177112,12746,13478.6,297,2,16,16,./outputs/mat_inv-gem5-accel,mat_inv,190590
235,"['A', 'I']",10,256,8,16,spad,cyclic,True,1,16,4,8,4.44321,6.16286,1.71965,0.0825811,0.20086,0.283441,6.4463,18250,183490,12133,13478.6,302,2,16,17,./outputs/mat_inv-gem5-accel,mat_inv,196969
236,"['A', 'I']",10,256,8,16,spad,cyclic,True,1,16,8,1,6.83218,8.49529,1.66311,0.127021,0.20086,0.327881,8.82317,11865,177112,7762,13478.6,297,2,16,16,./outputs/mat_inv-gem5-accel,mat_inv,190590
237,"['A', 'I']",10,256,8,16,spad,cyclic,True,1,16,8,8,7.26246,8.98211,1.71965,0.135021,0.20086,0.335881,9.31799,11162,183490,7149,13478.6,302,2,16,17,./outputs/mat_inv-gem5-accel,mat_inv,196969
238,"['A', 'I']",10,256,8,16,spad,cyclic,True,1,16,16,1,9.18563,10.8487,1.66311,0.170796,0.20086,0.371656,11.2204,8824,177112,5270,13478.6,297,2,16,16,./outputs/mat_inv-gem5-accel,mat_inv,190590
239,"['A', 'I']",10,256,8,16,spad,cyclic,True,1,16,16,8,9.98077,11.7004,1.71965,0.185581,0.20086,0.386441,12.0869,8121,183490,4657,13478.6,302,2,16,17,./outputs/mat_inv-gem5-accel,mat_inv,196969
240,"['A', 'I']",10,64,16,16,spad,block,True,1,4,4,1,2.99361,3.90935,0.915733,0.0560075,0.40172,0.457728,4.36707,26909,85906.3,13946,26957.2,279,2,5,4,./outputs/mat_inv-gem5-accel,mat_inv,112864
241,"['A', 'I']",10,64,16,16,spad,block,True,1,4,4,8,3.07869,4.0062,0.927507,0.0576088,0.40172,0.459329,4.46553,26161,86863.3,13303,26957.2,284,2,5,4,./outputs/mat_inv-gem5-accel,mat_inv,113821
242,"['A', 'I']",10,64,16,16,spad,block,True,1,4,8,1,3.91212,4.82785,0.915733,0.0731853,0.40172,0.474906,5.30276,20593,85906.3,9085,26957.2,279,2,5,4,./outputs/mat_inv-gem5-accel,mat_inv,112864
243,"['A', 'I']",10,64,16,16,spad,block,True,1,4,8,8,4.0589,4.98641,0.927507,0.0759438,0.40172,0.477664,5.46407,19845,86863.3,8442,26957.2,284,2,5,4,./outputs/mat_inv-gem5-accel,mat_inv,113821
244,"['A', 'I']",10,64,16,16,spad,block,True,1,4,16,1,4.19557,5.11131,0.915733,0.0793171,0.40172,0.481038,5.59234,19001,85906.3,7796,26957.2,279,2,5,4,./outputs/mat_inv-gem5-accel,mat_inv,112864
245,"['A', 'I']",10,64,16,16,spad,block,True,1,4,16,8,4.36677,5.29427,0.927507,0.0825675,0.40172,0.484288,5.77856,18253,86863.3,7153,26957.2,284,2,5,4,./outputs/mat_inv-gem5-accel,mat_inv,113821
246,"['A', 'I']",10,64,16,16,spad,block,True,1,16,4,1,2.99361,3.90935,0.915733,0.0560075,0.40172,0.457728,4.36707,26909,85906.3,13946,26957.2,279,2,5,4,./outputs/mat_inv-gem5-accel,mat_inv,112864
247,"['A', 'I']",10,64,16,16,spad,block,True,1,16,4,8,3.07869,4.0062,0.927507,0.0576088,0.40172,0.459329,4.46553,26161,86863.3,13303,26957.2,284,2,5,4,./outputs/mat_inv-gem5-accel,mat_inv,113821
248,"['A', 'I']",10,64,16,16,spad,block,True,1,16,8,1,3.91212,4.82785,0.915733,0.0731853,0.40172,0.474906,5.30276,20593,85906.3,9085,26957.2,279,2,5,4,./outputs/mat_inv-gem5-accel,mat_inv,112864
249,"['A', 'I']",10,64,16,16,spad,block,True,1,16,8,8,4.0589,4.98641,0.927507,0.0759438,0.40172,0.477664,5.46407,19845,86863.3,8442,26957.2,284,2,5,4,./outputs/mat_inv-gem5-accel,mat_inv,113821
250,"['A', 'I']",10,64,16,16,spad,block,True,1,16,16,1,4.19557,5.11131,0.915733,0.0793171,0.40172,0.481038,5.59234,19001,85906.3,7796,26957.2,279,2,5,4,./outputs/mat_inv-gem5-accel,mat_inv,112864
251,"['A', 'I']",10,64,16,16,spad,block,True,1,16,16,8,4.36677,5.29427,0.927507,0.0825675,0.40172,0.484288,5.77856,18253,86863.3,7153,26957.2,284,2,5,4,./outputs/mat_inv-gem5-accel,mat_inv,113821
252,"['A', 'I']",10,64,16,16,spad,cyclic,True,1,4,4,1,4.38883,6.10846,1.71963,0.0815842,0.40172,0.483305,6.59176,18473,181705,12746,26957.2,321,2,16,16,./outputs/mat_inv-gem5-accel,mat_inv,208662
253,"['A', 'I']",10,64,16,16,spad,cyclic,True,1,4,4,8,4.55477,6.33093,1.77617,0.0846688,0.40172,0.486389,6.81732,17800,188084,12133,26957.2,326,2,16,17,./outputs/mat_inv-gem5-accel,mat_inv,215041
254,"['A', 'I']",10,64,16,16,spad,cyclic,True,1,4,8,1,7.11901,8.83863,1.71963,0.132376,0.40172,0.534097,9.37273,11385,181705,7762,26957.2,321,2,16,16,./outputs/mat_inv-gem5-accel,mat_inv,208662
255,"['A', 'I']",10,64,16,16,spad,cyclic,True,1,4,8,8,7.56627,9.34243,1.77617,0.140693,0.40172,0.542414,9.88485,10712,188084,7149,26957.2,326,2,16,17,./outputs/mat_inv-gem5-accel,mat_inv,215041
256,"['A', 'I']",10,64,16,16,spad,cyclic,True,1,4,16,1,10.3336,12.0532,1.71963,0.192208,0.40172,0.593929,12.6472,7841,181705,5270,26957.2,321,2,16,16,./outputs/mat_inv-gem5-accel,mat_inv,208662
257,"['A', 'I']",10,64,16,16,spad,cyclic,True,1,4,16,8,11.3038,13.08,1.77617,0.210255,0.40172,0.611975,13.692,7168,188084,4657,26957.2,326,2,16,17,./outputs/mat_inv-gem5-accel,mat_inv,215041
258,"['A', 'I']",10,64,16,16,spad,cyclic,True,1,16,4,1,4.38883,6.10846,1.71963,0.0815842,0.40172,0.483305,6.59176,18473,181705,12746,26957.2,321,2,16,16,./outputs/mat_inv-gem5-accel,mat_inv,208662
259,"['A', 'I']",10,64,16,16,spad,cyclic,True,1,16,4,8,4.55477,6.33093,1.77617,0.0846688,0.40172,0.486389,6.81732,17800,188084,12133,26957.2,326,2,16,17,./outputs/mat_inv-gem5-accel,mat_inv,215041
260,"['A', 'I']",10,64,16,16,spad,cyclic,True,1,16,8,1,7.11901,8.83863,1.71963,0.132376,0.40172,0.534097,9.37273,11385,181705,7762,26957.2,321,2,16,16,./outputs/mat_inv-gem5-accel,mat_inv,208662
261,"['A', 'I']",10,64,16,16,spad,cyclic,True,1,16,8,8,7.56627,9.34243,1.77617,0.140693,0.40172,0.542414,9.88485,10712,188084,7149,26957.2,326,2,16,17,./outputs/mat_inv-gem5-accel,mat_inv,215041
262,"['A', 'I']",10,64,16,16,spad,cyclic,True,1,16,16,1,10.3336,12.0532,1.71963,0.192208,0.40172,0.593929,12.6472,7841,181705,5270,26957.2,321,2,16,16,./outputs/mat_inv-gem5-accel,mat_inv,208662
263,"['A', 'I']",10,64,16,16,spad,cyclic,True,1,16,16,8,11.3038,13.08,1.77617,0.210255,0.40172,0.611975,13.692,7168,188084,4657,26957.2,326,2,16,17,./outputs/mat_inv-gem5-accel,mat_inv,215041
264,"['A', 'I']",10,256,16,16,spad,block,True,1,4,4,1,2.99361,3.90935,0.915733,0.0560075,0.40172,0.457728,4.36707,26909,85906.3,13946,26957.2,279,2,5,4,./outputs/mat_inv-gem5-accel,mat_inv,112864
265,"['A', 'I']",10,256,16,16,spad,block,True,1,4,4,8,3.07869,4.0062,0.927507,0.0576088,0.40172,0.459329,4.46553,26161,86863.3,13303,26957.2,284,2,5,4,./outputs/mat_inv-gem5-accel,mat_inv,113821
266,"['A', 'I']",10,256,16,16,spad,block,True,1,4,8,1,3.91212,4.82785,0.915733,0.0731853,0.40172,0.474906,5.30276,20593,85906.3,9085,26957.2,279,2,5,4,./outputs/mat_inv-gem5-accel,mat_inv,112864
267,"['A', 'I']",10,256,16,16,spad,block,True,1,4,8,8,4.0589,4.98641,0.927507,0.0759438,0.40172,0.477664,5.46407,19845,86863.3,8442,26957.2,284,2,5,4,./outputs/mat_inv-gem5-accel,mat_inv,113821
268,"['A', 'I']",10,256,16,16,spad,block,True,1,4,16,1,4.19557,5.11131,0.915733,0.0793171,0.40172,0.481038,5.59234,19001,85906.3,7796,26957.2,279,2,5,4,./outputs/mat_inv-gem5-accel,mat_inv,112864
269,"['A', 'I']",10,256,16,16,spad,block,True,1,4,16,8,4.36677,5.29427,0.927507,0.0825675,0.40172,0.484288,5.77856,18253,86863.3,7153,26957.2,284,2,5,4,./outputs/mat_inv-gem5-accel,mat_inv,113821
270,"['A', 'I']",10,256,16,16,spad,block,True,1,16,4,1,2.99361,3.90935,0.915733,0.0560075,0.40172,0.457728,4.36707,26909,85906.3,13946,26957.2,279,2,5,4,./outputs/mat_inv-gem5-accel,mat_inv,112864
271,"['A', 'I']",10,256,16,16,spad,block,True,1,16,4,8,3.07869,4.0062,0.927507,0.0576088,0.40172,0.459329,4.46553,26161,86863.3,13303,26957.2,284,2,5,4,./outputs/mat_inv-gem5-accel,mat_inv,113821
272,"['A', 'I']",10,256,16,16,spad,block,True,1,16,8,1,3.91212,4.82785,0.915733,0.0731853,0.40172,0.474906,5.30276,20593,85906.3,9085,26957.2,279,2,5,4,./outputs/mat_inv-gem5-accel,mat_inv,112864
273,"['A', 'I']",10,256,16,16,spad,block,True,1,16,8,8,4.0589,4.98641,0.927507,0.0759438,0.40172,0.477664,5.46407,19845,86863.3,8442,26957.2,284,2,5,4,./outputs/mat_inv-gem5-accel,mat_inv,113821
274,"['A', 'I']",10,256,16,16,spad,block,True,1,16,16,1,4.19557,5.11131,0.915733,0.0793171,0.40172,0.481038,5.59234,19001,85906.3,7796,26957.2,279,2,5,4,./outputs/mat_inv-gem5-accel,mat_inv,112864
275,"['A', 'I']",10,256,16,16,spad,block,True,1,16,16,8,4.36677,5.29427,0.927507,0.0825675,0.40172,0.484288,5.77856,18253,86863.3,7153,26957.2,284,2,5,4,./outputs/mat_inv-gem5-accel,mat_inv,113821
276,"['A', 'I']",10,256,16,16,spad,cyclic,True,1,4,4,1,4.38883,6.10846,1.71963,0.0815842,0.40172,0.483305,6.59176,18473,181705,12746,26957.2,321,2,16,16,./outputs/mat_inv-gem5-accel,mat_inv,208662
277,"['A', 'I']",10,256,16,16,spad,cyclic,True,1,4,4,8,4.55477,6.33093,1.77617,0.0846688,0.40172,0.486389,6.81732,17800,188084,12133,26957.2,326,2,16,17,./outputs/mat_inv-gem5-accel,mat_inv,215041
278,"['A', 'I']",10,256,16,16,spad,cyclic,True,1,4,8,1,7.11901,8.83863,1.71963,0.132376,0.40172,0.534097,9.37273,11385,181705,7762,26957.2,321,2,16,16,./outputs/mat_inv-gem5-accel,mat_inv,208662
279,"['A', 'I']",10,256,16,16,spad,cyclic,True,1,4,8,8,7.56627,9.34243,1.77617,0.140693,0.40172,0.542414,9.88485,10712,188084,7149,26957.2,326,2,16,17,./outputs/mat_inv-gem5-accel,mat_inv,215041
280,"['A', 'I']",10,256,16,16,spad,cyclic,True,1,4,16,1,10.3336,12.0532,1.71963,0.192208,0.40172,0.593929,12.6472,7841,181705,5270,26957.2,321,2,16,16,./outputs/mat_inv-gem5-accel,mat_inv,208662
281,"['A', 'I']",10,256,16,16,spad,cyclic,True,1,4,16,8,11.3038,13.08,1.77617,0.210255,0.40172,0.611975,13.692,7168,188084,4657,26957.2,326,2,16,17,./outputs/mat_inv-gem5-accel,mat_inv,215041
282,"['A', 'I']",10,256,16,16,spad,cyclic,True,1,16,4,1,4.38883,6.10846,1.71963,0.0815842,0.40172,0.483305,6.59176,18473,181705,12746,26957.2,321,2,16,16,./outputs/mat_inv-gem5-accel,mat_inv,208662
283,"['A', 'I']",10,256,16,16,spad,cyclic,True,1,16,4,8,4.55477,6.33093,1.77617,0.0846688,0.40172,0.486389,6.81732,17800,188084,12133,26957.2,326,2,16,17,./outputs/mat_inv-gem5-accel,mat_inv,215041
284,"['A', 'I']",10,256,16,16,spad,cyclic,True,1,16,8,1,7.11901,8.83863,1.71963,0.132376,0.40172,0.534097,9.37273,11385,181705,7762,26957.2,321,2,16,16,./outputs/mat_inv-gem5-accel,mat_inv,208662
285,"['A', 'I']",10,256,16,16,spad,cyclic,True,1,16,8,8,7.56627,9.34243,1.77617,0.140693,0.40172,0.542414,9.88485,10712,188084,7149,26957.2,326,2,16,17,./outputs/mat_inv-gem5-accel,mat_inv,215041
286,"['A', 'I']",10,256,16,16,spad,cyclic,True,1,16,16,1,10.3336,12.0532,1.71963,0.192208,0.40172,0.593929,12.6472,7841,181705,5270,26957.2,321,2,16,16,./outputs/mat_inv-gem5-accel,mat_inv,208662
287,"['A', 'I']",10,256,16,16,spad,cyclic,True,1,16,16,8,11.3038,13.08,1.77617,0.210255,0.40172,0.611975,13.692,7168,188084,4657,26957.2,326,2,16,17,./outputs/mat_inv-gem5-accel,mat_inv,215041
288,"['A', 'I']",15,64,4,16,spad,block,True,1,4,4,1,2.31669,3.22402,0.907337,0.0354117,0.10043,0.135842,3.35986,28373,83776.9,13681,6739.31,279,2,5,4,./outputs/mat_inv-gem5-accel,mat_inv,90516.2
289,"['A', 'I']",15,64,4,16,spad,block,True,1,4,4,8,2.37869,3.29786,0.919169,0.0363706,0.10043,0.136801,3.43466,27625,84733.9,13044,6739.31,284,2,5,4,./outputs/mat_inv-gem5-accel,mat_inv,91473.2
290,"['A', 'I']",15,64,4,16,spad,block,True,1,4,8,1,2.93001,3.83734,0.907337,0.0447604,0.10043,0.145191,3.98253,22447,83776.9,8823,6739.31,279,2,5,4,./outputs/mat_inv-gem5-accel,mat_inv,90516.2
291,"['A', 'I']",15,64,4,16,spad,block,True,1,4,8,8,3.03009,3.94925,0.919169,0.0463034,0.10043,0.146733,4.09599,21699,84733.9,8186,6739.31,284,2,5,4,./outputs/mat_inv-gem5-accel,mat_inv,91473.2
292,"['A', 'I']",15,64,4,16,spad,block,True,1,4,16,1,3.11166,4.01899,0.907337,0.0482814,0.10043,0.148712,4.16771,20810,83776.9,7297,6739.31,279,2,5,4,./outputs/mat_inv-gem5-accel,mat_inv,90516.2
293,"['A', 'I']",15,64,4,16,spad,block,True,1,4,16,8,3.22668,4.14584,0.919169,0.0500816,0.10043,0.150512,4.29636,20062,84733.9,6660,6739.31,284,2,5,4,./outputs/mat_inv-gem5-accel,mat_inv,91473.2
294,"['A', 'I']",15,64,4,16,spad,block,True,1,16,4,1,2.31669,3.22402,0.907337,0.0354117,0.10043,0.135842,3.35986,28373,83776.9,13681,6739.31,279,2,5,4,./outputs/mat_inv-gem5-accel,mat_inv,90516.2
295,"['A', 'I']",15,64,4,16,spad,block,True,1,16,4,8,2.37869,3.29786,0.919169,0.0363706,0.10043,0.136801,3.43466,27625,84733.9,13044,6739.31,284,2,5,4,./outputs/mat_inv-gem5-accel,mat_inv,91473.2
296,"['A', 'I']",15,64,4,16,spad,block,True,1,16,8,1,2.93001,3.83734,0.907337,0.0447604,0.10043,0.145191,3.98253,22447,83776.9,8823,6739.31,279,2,5,4,./outputs/mat_inv-gem5-accel,mat_inv,90516.2
297,"['A', 'I']",15,64,4,16,spad,block,True,1,16,8,8,3.03009,3.94925,0.919169,0.0463034,0.10043,0.146733,4.09599,21699,84733.9,8186,6739.31,284,2,5,4,./outputs/mat_inv-gem5-accel,mat_inv,91473.2
298,"['A', 'I']",15,64,4,16,spad,block,True,1,16,16,1,3.11166,4.01899,0.907337,0.0482814,0.10043,0.148712,4.16771,20810,83776.9,7297,6739.31,279,2,5,4,./outputs/mat_inv-gem5-accel,mat_inv,90516.2
299,"['A', 'I']",15,64,4,16,spad,block,True,1,16,16,8,3.22668,4.14584,0.919169,0.0500816,0.10043,0.150512,4.29636,20062,84733.9,6660,6739.31,284,2,5,4,./outputs/mat_inv-gem5-accel,mat_inv,91473.2
300,"['A', 'I']",15,64,4,16,spad,cyclic,True,1,4,4,1,3.31787,4.5134,1.19553,0.0505172,0.10043,0.150947,4.66435,19889,118928,12721,6739.31,285,2,12,8,./outputs/mat_inv-gem5-accel,mat_inv,125667
301,"['A', 'I']",15,64,4,16,spad,cyclic,True,1,4,4,8,3.44648,4.69583,1.24935,0.0524913,0.10043,0.152921,4.84875,19141,124774,12108,6739.31,290,2,12,9,./outputs/mat_inv-gem5-accel,mat_inv,131514
302,"['A', 'I']",15,64,4,16,spad,cyclic,True,1,4,8,1,4.77906,5.97459,1.19553,0.0727701,0.10043,0.1732,6.14779,13807,118928,7737,6739.31,285,2,12,8,./outputs/mat_inv-gem5-accel,mat_inv,125667
303,"['A', 'I']",15,64,4,16,spad,cyclic,True,1,4,8,8,5.05126,6.30061,1.24935,0.0769383,0.10043,0.177368,6.47798,13059,124774,7124,6739.31,290,2,12,9,./outputs/mat_inv-gem5-accel,mat_inv,131514
304,"['A', 'I']",15,64,4,16,spad,cyclic,True,1,4,16,1,6.12885,7.66026,1.5314,0.093325,0.10043,0.193755,7.85401,10766,158043,5245,6739.31,285,2,12,16,./outputs/mat_inv-gem5-accel,mat_inv,164782
305,"['A', 'I']",15,64,4,16,spad,cyclic,True,1,4,16,8,6.58446,8.1277,1.54324,0.100293,0.10043,0.200723,8.32842,10018,159000,4632,6739.31,290,2,12,16,./outputs/mat_inv-gem5-accel,mat_inv,165739
306,"['A', 'I']",15,64,4,16,spad,cyclic,True,1,16,4,1,3.31787,4.5134,1.19553,0.0505172,0.10043,0.150947,4.66435,19889,118928,12721,6739.31,285,2,12,8,./outputs/mat_inv-gem5-accel,mat_inv,125667
307,"['A', 'I']",15,64,4,16,spad,cyclic,True,1,16,4,8,3.44648,4.69583,1.24935,0.0524913,0.10043,0.152921,4.84875,19141,124774,12108,6739.31,290,2,12,9,./outputs/mat_inv-gem5-accel,mat_inv,131514
308,"['A', 'I']",15,64,4,16,spad,cyclic,True,1,16,8,1,4.77906,5.97459,1.19553,0.0727701,0.10043,0.1732,6.14779,13807,118928,7737,6739.31,285,2,12,8,./outputs/mat_inv-gem5-accel,mat_inv,125667
309,"['A', 'I']",15,64,4,16,spad,cyclic,True,1,16,8,8,5.05126,6.30061,1.24935,0.0769383,0.10043,0.177368,6.47798,13059,124774,7124,6739.31,290,2,12,9,./outputs/mat_inv-gem5-accel,mat_inv,131514
310,"['A', 'I']",15,64,4,16,spad,cyclic,True,1,16,16,1,6.12885,7.66026,1.5314,0.093325,0.10043,0.193755,7.85401,10766,158043,5245,6739.31,285,2,12,16,./outputs/mat_inv-gem5-accel,mat_inv,164782
311,"['A', 'I']",15,64,4,16,spad,cyclic,True,1,16,16,8,6.58446,8.1277,1.54324,0.100293,0.10043,0.200723,8.32842,10018,159000,4632,6739.31,290,2,12,16,./outputs/mat_inv-gem5-accel,mat_inv,165739
312,"['A', 'I']",15,256,4,16,spad,block,True,1,4,4,1,2.31669,3.22402,0.907337,0.0354117,0.10043,0.135842,3.35986,28373,83776.9,13681,6739.31,279,2,5,4,./outputs/mat_inv-gem5-accel,mat_inv,90516.2
313,"['A', 'I']",15,256,4,16,spad,block,True,1,4,4,8,2.37869,3.29786,0.919169,0.0363706,0.10043,0.136801,3.43466,27625,84733.9,13044,6739.31,284,2,5,4,./outputs/mat_inv-gem5-accel,mat_inv,91473.2
314,"['A', 'I']",15,256,4,16,spad,block,True,1,4,8,1,2.93001,3.83734,0.907337,0.0447604,0.10043,0.145191,3.98253,22447,83776.9,8823,6739.31,279,2,5,4,./outputs/mat_inv-gem5-accel,mat_inv,90516.2
315,"['A', 'I']",15,256,4,16,spad,block,True,1,4,8,8,3.03009,3.94925,0.919169,0.0463034,0.10043,0.146733,4.09599,21699,84733.9,8186,6739.31,284,2,5,4,./outputs/mat_inv-gem5-accel,mat_inv,91473.2
316,"['A', 'I']",15,256,4,16,spad,block,True,1,4,16,1,3.11166,4.01899,0.907337,0.0482814,0.10043,0.148712,4.16771,20810,83776.9,7297,6739.31,279,2,5,4,./outputs/mat_inv-gem5-accel,mat_inv,90516.2
317,"['A', 'I']",15,256,4,16,spad,block,True,1,4,16,8,3.22668,4.14584,0.919169,0.0500816,0.10043,0.150512,4.29636,20062,84733.9,6660,6739.31,284,2,5,4,./outputs/mat_inv-gem5-accel,mat_inv,91473.2
318,"['A', 'I']",15,256,4,16,spad,block,True,1,16,4,1,2.31669,3.22402,0.907337,0.0354117,0.10043,0.135842,3.35986,28373,83776.9,13681,6739.31,279,2,5,4,./outputs/mat_inv-gem5-accel,mat_inv,90516.2
319,"['A', 'I']",15,256,4,16,spad,block,True,1,16,4,8,2.37869,3.29786,0.919169,0.0363706,0.10043,0.136801,3.43466,27625,84733.9,13044,6739.31,284,2,5,4,./outputs/mat_inv-gem5-accel,mat_inv,91473.2
320,"['A', 'I']",15,256,4,16,spad,block,True,1,16,8,1,2.93001,3.83734,0.907337,0.0447604,0.10043,0.145191,3.98253,22447,83776.9,8823,6739.31,279,2,5,4,./outputs/mat_inv-gem5-accel,mat_inv,90516.2
321,"['A', 'I']",15,256,4,16,spad,block,True,1,16,8,8,3.03009,3.94925,0.919169,0.0463034,0.10043,0.146733,4.09599,21699,84733.9,8186,6739.31,284,2,5,4,./outputs/mat_inv-gem5-accel,mat_inv,91473.2
322,"['A', 'I']",15,256,4,16,spad,block,True,1,16,16,1,3.11166,4.01899,0.907337,0.0482814,0.10043,0.148712,4.16771,20810,83776.9,7297,6739.31,279,2,5,4,./outputs/mat_inv-gem5-accel,mat_inv,90516.2
323,"['A', 'I']",15,256,4,16,spad,block,True,1,16,16,8,3.22668,4.14584,0.919169,0.0500816,0.10043,0.150512,4.29636,20062,84733.9,6660,6739.31,284,2,5,4,./outputs/mat_inv-gem5-accel,mat_inv,91473.2
324,"['A', 'I']",15,256,4,16,spad,cyclic,True,1,4,4,1,3.31787,4.5134,1.19553,0.0505172,0.10043,0.150947,4.66435,19889,118928,12721,6739.31,285,2,12,8,./outputs/mat_inv-gem5-accel,mat_inv,125667
325,"['A', 'I']",15,256,4,16,spad,cyclic,True,1,4,4,8,3.44648,4.69583,1.24935,0.0524913,0.10043,0.152921,4.84875,19141,124774,12108,6739.31,290,2,12,9,./outputs/mat_inv-gem5-accel,mat_inv,131514
326,"['A', 'I']",15,256,4,16,spad,cyclic,True,1,4,8,1,4.77906,5.97459,1.19553,0.0727701,0.10043,0.1732,6.14779,13807,118928,7737,6739.31,285,2,12,8,./outputs/mat_inv-gem5-accel,mat_inv,125667
327,"['A', 'I']",15,256,4,16,spad,cyclic,True,1,4,8,8,5.05126,6.30061,1.24935,0.0769383,0.10043,0.177368,6.47798,13059,124774,7124,6739.31,290,2,12,9,./outputs/mat_inv-gem5-accel,mat_inv,131514
328,"['A', 'I']",15,256,4,16,spad,cyclic,True,1,4,16,1,6.12885,7.66026,1.5314,0.093325,0.10043,0.193755,7.85401,10766,158043,5245,6739.31,285,2,12,16,./outputs/mat_inv-gem5-accel,mat_inv,164782
329,"['A', 'I']",15,256,4,16,spad,cyclic,True,1,4,16,8,6.58446,8.1277,1.54324,0.100293,0.10043,0.200723,8.32842,10018,159000,4632,6739.31,290,2,12,16,./outputs/mat_inv-gem5-accel,mat_inv,165739
330,"['A', 'I']",15,256,4,16,spad,cyclic,True,1,16,4,1,3.31787,4.5134,1.19553,0.0505172,0.10043,0.150947,4.66435,19889,118928,12721,6739.31,285,2,12,8,./outputs/mat_inv-gem5-accel,mat_inv,125667
331,"['A', 'I']",15,256,4,16,spad,cyclic,True,1,16,4,8,3.44648,4.69583,1.24935,0.0524913,0.10043,0.152921,4.84875,19141,124774,12108,6739.31,290,2,12,9,./outputs/mat_inv-gem5-accel,mat_inv,131514
332,"['A', 'I']",15,256,4,16,spad,cyclic,True,1,16,8,1,4.77906,5.97459,1.19553,0.0727701,0.10043,0.1732,6.14779,13807,118928,7737,6739.31,285,2,12,8,./outputs/mat_inv-gem5-accel,mat_inv,125667
333,"['A', 'I']",15,256,4,16,spad,cyclic,True,1,16,8,8,5.05126,6.30061,1.24935,0.0769383,0.10043,0.177368,6.47798,13059,124774,7124,6739.31,290,2,12,9,./outputs/mat_inv-gem5-accel,mat_inv,131514
334,"['A', 'I']",15,256,4,16,spad,cyclic,True,1,16,16,1,6.12885,7.66026,1.5314,0.093325,0.10043,0.193755,7.85401,10766,158043,5245,6739.31,285,2,12,16,./outputs/mat_inv-gem5-accel,mat_inv,164782
335,"['A', 'I']",15,256,4,16,spad,cyclic,True,1,16,16,8,6.58446,8.1277,1.54324,0.100293,0.10043,0.200723,8.32842,10018,159000,4632,6739.31,290,2,12,16,./outputs/mat_inv-gem5-accel,mat_inv,165739
336,"['A', 'I']",15,64,8,16,spad,block,True,1,4,4,1,2.39372,3.30106,0.907337,0.0366947,0.20086,0.237555,3.53861,27381,83776.9,13841,13478.6,279,2,5,4,./outputs/mat_inv-gem5-accel,mat_inv,97255.5
337,"['A', 'I']",15,64,8,16,spad,block,True,1,4,4,8,2.4602,3.37937,0.919169,0.0377253,0.20086,0.238585,3.61795,26633,84733.9,13200,13478.6,284,2,5,4,./outputs/mat_inv-gem5-accel,mat_inv,98212.5
338,"['A', 'I']",15,64,8,16,spad,block,True,1,4,8,1,3.09384,4.00118,0.907337,0.0473955,0.20086,0.248256,4.24943,21199,83776.9,8983,13478.6,279,2,5,4,./outputs/mat_inv-gem5-accel,mat_inv,97255.5
339,"['A', 'I']",15,64,8,16,spad,block,True,1,4,8,8,3.20602,4.12519,0.919169,0.049129,0.20086,0.249989,4.37518,20451,84733.9,8342,13478.6,284,2,5,4,./outputs/mat_inv-gem5-accel,mat_inv,98212.5
340,"['A', 'I']",15,64,8,16,spad,block,True,1,4,16,1,3.28677,4.1941,0.907337,0.0512778,0.20086,0.252138,4.44624,19594,83776.9,7617,13478.6,279,2,5,4,./outputs/mat_inv-gem5-accel,mat_inv,97255.5
341,"['A', 'I']",15,64,8,16,spad,block,True,1,4,16,8,3.41616,4.33532,0.919169,0.053313,0.20086,0.254173,4.5895,18846,84733.9,6976,13478.6,284,2,5,4,./outputs/mat_inv-gem5-accel,mat_inv,98212.5
342,"['A', 'I']",15,64,8,16,spad,block,True,1,16,4,1,2.39372,3.30106,0.907337,0.0366947,0.20086,0.237555,3.53861,27381,83776.9,13841,13478.6,279,2,5,4,./outputs/mat_inv-gem5-accel,mat_inv,97255.5
343,"['A', 'I']",15,64,8,16,spad,block,True,1,16,4,8,2.4602,3.37937,0.919169,0.0377253,0.20086,0.238585,3.61795,26633,84733.9,13200,13478.6,284,2,5,4,./outputs/mat_inv-gem5-accel,mat_inv,98212.5
344,"['A', 'I']",15,64,8,16,spad,block,True,1,16,8,1,3.09384,4.00118,0.907337,0.0473955,0.20086,0.248256,4.24943,21199,83776.9,8983,13478.6,279,2,5,4,./outputs/mat_inv-gem5-accel,mat_inv,97255.5
345,"['A', 'I']",15,64,8,16,spad,block,True,1,16,8,8,3.20602,4.12519,0.919169,0.049129,0.20086,0.249989,4.37518,20451,84733.9,8342,13478.6,284,2,5,4,./outputs/mat_inv-gem5-accel,mat_inv,98212.5
346,"['A', 'I']",15,64,8,16,spad,block,True,1,16,16,1,3.28677,4.1941,0.907337,0.0512778,0.20086,0.252138,4.44624,19594,83776.9,7617,13478.6,279,2,5,4,./outputs/mat_inv-gem5-accel,mat_inv,97255.5
347,"['A', 'I']",15,64,8,16,spad,block,True,1,16,16,8,3.41616,4.33532,0.919169,0.053313,0.20086,0.254173,4.5895,18846,84733.9,6976,13478.6,284,2,5,4,./outputs/mat_inv-gem5-accel,mat_inv,98212.5
348,"['A', 'I']",15,64,8,16,spad,cyclic,True,1,4,4,1,3.4824,5.10281,1.62041,0.0530792,0.20086,0.253939,5.35675,18929,168594,12721,13478.6,297,2,16,16,./outputs/mat_inv-gem5-accel,mat_inv,182073
349,"['A', 'I']",15,64,8,16,spad,cyclic,True,1,4,4,8,3.61675,5.29098,1.67422,0.0551266,0.20086,0.255987,5.54696,18226,174440,12108,13478.6,302,2,16,17,./outputs/mat_inv-gem5-accel,mat_inv,187919
350,"['A', 'I']",15,64,8,16,spad,cyclic,True,1,4,8,1,5.56046,7.18087,1.62041,0.0848524,0.20086,0.285713,7.46658,11841,168594,7737,13478.6,297,2,16,16,./outputs/mat_inv-gem5-accel,mat_inv,182073
351,"['A', 'I']",15,64,8,16,spad,cyclic,True,1,4,8,8,5.91147,7.5857,1.67422,0.090208,0.20086,0.291068,7.87676,11138,174440,7124,13478.6,302,2,16,17,./outputs/mat_inv-gem5-accel,mat_inv,187919
352,"['A', 'I']",15,64,8,16,spad,cyclic,True,1,4,16,1,7.48158,9.10199,1.62041,0.114175,0.20086,0.315035,9.41702,8800,168594,5245,13478.6,297,2,16,16,./outputs/mat_inv-gem5-accel,mat_inv,182073
353,"['A', 'I']",15,64,8,16,spad,cyclic,True,1,4,16,8,8.13122,9.80544,1.67422,0.124088,0.20086,0.324948,10.1304,8097,174440,4632,13478.6,302,2,16,17,./outputs/mat_inv-gem5-accel,mat_inv,187919
354,"['A', 'I']",15,64,8,16,spad,cyclic,True,1,16,4,1,3.4824,5.10281,1.62041,0.0530792,0.20086,0.253939,5.35675,18929,168594,12721,13478.6,297,2,16,16,./outputs/mat_inv-gem5-accel,mat_inv,182073
355,"['A', 'I']",15,64,8,16,spad,cyclic,True,1,16,4,8,3.61675,5.29098,1.67422,0.0551266,0.20086,0.255987,5.54696,18226,174440,12108,13478.6,302,2,16,17,./outputs/mat_inv-gem5-accel,mat_inv,187919
356,"['A', 'I']",15,64,8,16,spad,cyclic,True,1,16,8,1,5.56046,7.18087,1.62041,0.0848524,0.20086,0.285713,7.46658,11841,168594,7737,13478.6,297,2,16,16,./outputs/mat_inv-gem5-accel,mat_inv,182073
357,"['A', 'I']",15,64,8,16,spad,cyclic,True,1,16,8,8,5.91147,7.5857,1.67422,0.090208,0.20086,0.291068,7.87676,11138,174440,7124,13478.6,302,2,16,17,./outputs/mat_inv-gem5-accel,mat_inv,187919
358,"['A', 'I']",15,64,8,16,spad,cyclic,True,1,16,16,1,7.48158,9.10199,1.62041,0.114175,0.20086,0.315035,9.41702,8800,168594,5245,13478.6,297,2,16,16,./outputs/mat_inv-gem5-accel,mat_inv,182073
359,"['A', 'I']",15,64,8,16,spad,cyclic,True,1,16,16,8,8.13122,9.80544,1.67422,0.124088,0.20086,0.324948,10.1304,8097,174440,4632,13478.6,302,2,16,17,./outputs/mat_inv-gem5-accel,mat_inv,187919
360,"['A', 'I']",15,256,8,16,spad,block,True,1,4,4,1,2.39372,3.30106,0.907337,0.0366947,0.20086,0.237555,3.53861,27381,83776.9,13841,13478.6,279,2,5,4,./outputs/mat_inv-gem5-accel,mat_inv,97255.5
361,"['A', 'I']",15,256,8,16,spad,block,True,1,4,4,8,2.4602,3.37937,0.919169,0.0377253,0.20086,0.238585,3.61795,26633,84733.9,13200,13478.6,284,2,5,4,./outputs/mat_inv-gem5-accel,mat_inv,98212.5
362,"['A', 'I']",15,256,8,16,spad,block,True,1,4,8,1,3.09384,4.00118,0.907337,0.0473955,0.20086,0.248256,4.24943,21199,83776.9,8983,13478.6,279,2,5,4,./outputs/mat_inv-gem5-accel,mat_inv,97255.5
363,"['A', 'I']",15,256,8,16,spad,block,True,1,4,8,8,3.20602,4.12519,0.919169,0.049129,0.20086,0.249989,4.37518,20451,84733.9,8342,13478.6,284,2,5,4,./outputs/mat_inv-gem5-accel,mat_inv,98212.5
364,"['A', 'I']",15,256,8,16,spad,block,True,1,4,16,1,3.28677,4.1941,0.907337,0.0512778,0.20086,0.252138,4.44624,19594,83776.9,7617,13478.6,279,2,5,4,./outputs/mat_inv-gem5-accel,mat_inv,97255.5
365,"['A', 'I']",15,256,8,16,spad,block,True,1,4,16,8,3.41616,4.33532,0.919169,0.053313,0.20086,0.254173,4.5895,18846,84733.9,6976,13478.6,284,2,5,4,./outputs/mat_inv-gem5-accel,mat_inv,98212.5
366,"['A', 'I']",15,256,8,16,spad,block,True,1,16,4,1,2.39372,3.30106,0.907337,0.0366947,0.20086,0.237555,3.53861,27381,83776.9,13841,13478.6,279,2,5,4,./outputs/mat_inv-gem5-accel,mat_inv,97255.5
367,"['A', 'I']",15,256,8,16,spad,block,True,1,16,4,8,2.4602,3.37937,0.919169,0.0377253,0.20086,0.238585,3.61795,26633,84733.9,13200,13478.6,284,2,5,4,./outputs/mat_inv-gem5-accel,mat_inv,98212.5
368,"['A', 'I']",15,256,8,16,spad,block,True,1,16,8,1,3.09384,4.00118,0.907337,0.0473955,0.20086,0.248256,4.24943,21199,83776.9,8983,13478.6,279,2,5,4,./outputs/mat_inv-gem5-accel,mat_inv,97255.5
369,"['A', 'I']",15,256,8,16,spad,block,True,1,16,8,8,3.20602,4.12519,0.919169,0.049129,0.20086,0.249989,4.37518,20451,84733.9,8342,13478.6,284,2,5,4,./outputs/mat_inv-gem5-accel,mat_inv,98212.5
370,"['A', 'I']",15,256,8,16,spad,block,True,1,16,16,1,3.28677,4.1941,0.907337,0.0512778,0.20086,0.252138,4.44624,19594,83776.9,7617,13478.6,279,2,5,4,./outputs/mat_inv-gem5-accel,mat_inv,97255.5
371,"['A', 'I']",15,256,8,16,spad,block,True,1,16,16,8,3.41616,4.33532,0.919169,0.053313,0.20086,0.254173,4.5895,18846,84733.9,6976,13478.6,284,2,5,4,./outputs/mat_inv-gem5-accel,mat_inv,98212.5
372,"['A', 'I']",15,256,8,16,spad,cyclic,True,1,4,4,1,3.4824,5.10281,1.62041,0.0530792,0.20086,0.253939,5.35675,18929,168594,12721,13478.6,297,2,16,16,./outputs/mat_inv-gem5-accel,mat_inv,182073
373,"['A', 'I']",15,256,8,16,spad,cyclic,True,1,4,4,8,3.61675,5.29098,1.67422,0.0551266,0.20086,0.255987,5.54696,18226,174440,12108,13478.6,302,2,16,17,./outputs/mat_inv-gem5-accel,mat_inv,187919
374,"['A', 'I']",15,256,8,16,spad,cyclic,True,1,4,8,1,5.56046,7.18087,1.62041,0.0848524,0.20086,0.285713,7.46658,11841,168594,7737,13478.6,297,2,16,16,./outputs/mat_inv-gem5-accel,mat_inv,182073
375,"['A', 'I']",15,256,8,16,spad,cyclic,True,1,4,8,8,5.91147,7.5857,1.67422,0.090208,0.20086,0.291068,7.87676,11138,174440,7124,13478.6,302,2,16,17,./outputs/mat_inv-gem5-accel,mat_inv,187919
376,"['A', 'I']",15,256,8,16,spad,cyclic,True,1,4,16,1,7.48158,9.10199,1.62041,0.114175,0.20086,0.315035,9.41702,8800,168594,5245,13478.6,297,2,16,16,./outputs/mat_inv-gem5-accel,mat_inv,182073
377,"['A', 'I']",15,256,8,16,spad,cyclic,True,1,4,16,8,8.13122,9.80544,1.67422,0.124088,0.20086,0.324948,10.1304,8097,174440,4632,13478.6,302,2,16,17,./outputs/mat_inv-gem5-accel,mat_inv,187919
378,"['A', 'I']",15,256,8,16,spad,cyclic,True,1,16,4,1,3.4824,5.10281,1.62041,0.0530792,0.20086,0.253939,5.35675,18929,168594,12721,13478.6,297,2,16,16,./outputs/mat_inv-gem5-accel,mat_inv,182073
379,"['A', 'I']",15,256,8,16,spad,cyclic,True,1,16,4,8,3.61675,5.29098,1.67422,0.0551266,0.20086,0.255987,5.54696,18226,174440,12108,13478.6,302,2,16,17,./outputs/mat_inv-gem5-accel,mat_inv,187919
380,"['A', 'I']",15,256,8,16,spad,cyclic,True,1,16,8,1,5.56046,7.18087,1.62041,0.0848524,0.20086,0.285713,7.46658,11841,168594,7737,13478.6,297,2,16,16,./outputs/mat_inv-gem5-accel,mat_inv,182073
381,"['A', 'I']",15,256,8,16,spad,cyclic,True,1,16,8,8,5.91147,7.5857,1.67422,0.090208,0.20086,0.291068,7.87676,11138,174440,7124,13478.6,302,2,16,17,./outputs/mat_inv-gem5-accel,mat_inv,187919
382,"['A', 'I']",15,256,8,16,spad,cyclic,True,1,16,16,1,7.48158,9.10199,1.62041,0.114175,0.20086,0.315035,9.41702,8800,168594,5245,13478.6,297,2,16,16,./outputs/mat_inv-gem5-accel,mat_inv,182073
383,"['A', 'I']",15,256,8,16,spad,cyclic,True,1,16,16,8,8.13122,9.80544,1.67422,0.124088,0.20086,0.324948,10.1304,8097,174440,4632,13478.6,302,2,16,17,./outputs/mat_inv-gem5-accel,mat_inv,187919
384,"['A', 'I']",15,64,16,16,spad,block,True,1,4,4,1,2.43437,3.34171,0.907337,0.0373716,0.40172,0.439092,3.7808,26885,83776.9,13921,26957.2,279,2,5,4,./outputs/mat_inv-gem5-accel,mat_inv,110734
385,"['A', 'I']",15,64,16,16,spad,block,True,1,4,4,8,2.50327,3.42244,0.919169,0.0384412,0.40172,0.440162,3.86261,26137,84733.9,13278,26957.2,284,2,5,4,./outputs/mat_inv-gem5-accel,mat_inv,111691
386,"['A', 'I']",15,64,16,16,spad,block,True,1,4,8,1,3.18321,4.09055,0.907337,0.0488329,0.40172,0.450553,4.54111,20575,83776.9,9063,26957.2,279,2,5,4,./outputs/mat_inv-gem5-accel,mat_inv,110734
387,"['A', 'I']",15,64,16,16,spad,block,True,1,4,8,8,3.30229,4.22146,0.919169,0.0506752,0.40172,0.452396,4.67386,19827,84733.9,8420,26957.2,284,2,5,4,./outputs/mat_inv-gem5-accel,mat_inv,111691
388,"['A', 'I']",15,64,16,16,spad,block,True,1,4,16,1,3.38274,4.29007,0.907337,0.0529199,0.40172,0.45464,4.74471,18986,83776.9,7777,26957.2,279,2,5,4,./outputs/mat_inv-gem5-accel,mat_inv,110734
389,"['A', 'I']",15,64,16,16,spad,block,True,1,4,16,8,3.52037,4.43954,0.919169,0.0550903,0.40172,0.456811,4.89635,18238,84733.9,7134,26957.2,284,2,5,4,./outputs/mat_inv-gem5-accel,mat_inv,111691
390,"['A', 'I']",15,64,16,16,spad,block,True,1,16,4,1,2.43437,3.34171,0.907337,0.0373716,0.40172,0.439092,3.7808,26885,83776.9,13921,26957.2,279,2,5,4,./outputs/mat_inv-gem5-accel,mat_inv,110734
391,"['A', 'I']",15,64,16,16,spad,block,True,1,16,4,8,2.50327,3.42244,0.919169,0.0384412,0.40172,0.440162,3.86261,26137,84733.9,13278,26957.2,284,2,5,4,./outputs/mat_inv-gem5-accel,mat_inv,111691
392,"['A', 'I']",15,64,16,16,spad,block,True,1,16,8,1,3.18321,4.09055,0.907337,0.0488329,0.40172,0.450553,4.54111,20575,83776.9,9063,26957.2,279,2,5,4,./outputs/mat_inv-gem5-accel,mat_inv,110734
393,"['A', 'I']",15,64,16,16,spad,block,True,1,16,8,8,3.30229,4.22146,0.919169,0.0506752,0.40172,0.452396,4.67386,19827,84733.9,8420,26957.2,284,2,5,4,./outputs/mat_inv-gem5-accel,mat_inv,111691
394,"['A', 'I']",15,64,16,16,spad,block,True,1,16,16,1,3.38274,4.29007,0.907337,0.0529199,0.40172,0.45464,4.74471,18986,83776.9,7777,26957.2,279,2,5,4,./outputs/mat_inv-gem5-accel,mat_inv,110734
395,"['A', 'I']",15,64,16,16,spad,block,True,1,16,16,8,3.52037,4.43954,0.919169,0.0550903,0.40172,0.456811,4.89635,18238,84733.9,7134,26957.2,284,2,5,4,./outputs/mat_inv-gem5-accel,mat_inv,111691
396,"['A', 'I']",15,64,16,16,spad,cyclic,True,1,4,4,1,3.57104,5.24824,1.6772,0.0544602,0.40172,0.456181,5.70442,18449,173188,12721,26957.2,321,2,16,16,./outputs/mat_inv-gem5-accel,mat_inv,200145
397,"['A', 'I']",15,64,16,16,spad,cyclic,True,1,4,4,8,3.70626,5.43727,1.73102,0.0565221,0.40172,0.458243,5.89552,17776,179034,12108,26957.2,326,2,16,17,./outputs/mat_inv-gem5-accel,mat_inv,205991
398,"['A', 'I']",15,64,16,16,spad,cyclic,True,1,4,8,1,5.7922,7.4694,1.6772,0.0884373,0.40172,0.490158,7.95956,11361,173188,7737,26957.2,321,2,16,16,./outputs/mat_inv-gem5-accel,mat_inv,200145
399,"['A', 'I']",15,64,16,16,spad,cyclic,True,1,4,8,8,6.15695,7.88797,1.73102,0.0940061,0.40172,0.495727,8.38369,10688,179034,7124,26957.2,326,2,16,17,./outputs/mat_inv-gem5-accel,mat_inv,205991
400,"['A', 'I']",15,64,16,16,spad,cyclic,True,1,4,16,1,8.41298,10.0902,1.6772,0.128532,0.40172,0.530253,10.6204,7817,173188,5245,26957.2,321,2,16,16,./outputs/mat_inv-gem5-accel,mat_inv,200145
401,"['A', 'I']",15,64,16,16,spad,cyclic,True,1,4,16,8,9.20556,10.9366,1.73102,0.140641,0.40172,0.542361,11.4789,7144,179034,4632,26957.2,326,2,16,17,./outputs/mat_inv-gem5-accel,mat_inv,205991
402,"['A', 'I']",15,64,16,16,spad,cyclic,True,1,16,4,1,3.57104,5.24824,1.6772,0.0544602,0.40172,0.456181,5.70442,18449,173188,12721,26957.2,321,2,16,16,./outputs/mat_inv-gem5-accel,mat_inv,200145
403,"['A', 'I']",15,64,16,16,spad,cyclic,True,1,16,4,8,3.70626,5.43727,1.73102,0.0565221,0.40172,0.458243,5.89552,17776,179034,12108,26957.2,326,2,16,17,./outputs/mat_inv-gem5-accel,mat_inv,205991
404,"['A', 'I']",15,64,16,16,spad,cyclic,True,1,16,8,1,5.7922,7.4694,1.6772,0.0884373,0.40172,0.490158,7.95956,11361,173188,7737,26957.2,321,2,16,16,./outputs/mat_inv-gem5-accel,mat_inv,200145
405,"['A', 'I']",15,64,16,16,spad,cyclic,True,1,16,8,8,6.15695,7.88797,1.73102,0.0940061,0.40172,0.495727,8.38369,10688,179034,7124,26957.2,326,2,16,17,./outputs/mat_inv-gem5-accel,mat_inv,205991
406,"['A', 'I']",15,64,16,16,spad,cyclic,True,1,16,16,1,8.41298,10.0902,1.6772,0.128532,0.40172,0.530253,10.6204,7817,173188,5245,26957.2,321,2,16,16,./outputs/mat_inv-gem5-accel,mat_inv,200145
407,"['A', 'I']",15,64,16,16,spad,cyclic,True,1,16,16,8,9.20556,10.9366,1.73102,0.140641,0.40172,0.542361,11.4789,7144,179034,4632,26957.2,326,2,16,17,./outputs/mat_inv-gem5-accel,mat_inv,205991
408,"['A', 'I']",15,256,16,16,spad,block,True,1,4,4,1,2.43437,3.34171,0.907337,0.0373716,0.40172,0.439092,3.7808,26885,83776.9,13921,26957.2,279,2,5,4,./outputs/mat_inv-gem5-accel,mat_inv,110734
409,"['A', 'I']",15,256,16,16,spad,block,True,1,4,4,8,2.50327,3.42244,0.919169,0.0384412,0.40172,0.440162,3.86261,26137,84733.9,13278,26957.2,284,2,5,4,./outputs/mat_inv-gem5-accel,mat_inv,111691
410,"['A', 'I']",15,256,16,16,spad,block,True,1,4,8,1,3.18321,4.09055,0.907337,0.0488329,0.40172,0.450553,4.54111,20575,83776.9,9063,26957.2,279,2,5,4,./outputs/mat_inv-gem5-accel,mat_inv,110734
411,"['A', 'I']",15,256,16,16,spad,block,True,1,4,8,8,3.30229,4.22146,0.919169,0.0506752,0.40172,0.452396,4.67386,19827,84733.9,8420,26957.2,284,2,5,4,./outputs/mat_inv-gem5-accel,mat_inv,111691
412,"['A', 'I']",15,256,16,16,spad,block,True,1,4,16,1,3.38274,4.29007,0.907337,0.0529199,0.40172,0.45464,4.74471,18986,83776.9,7777,26957.2,279,2,5,4,./outputs/mat_inv-gem5-accel,mat_inv,110734
413,"['A', 'I']",15,256,16,16,spad,block,True,1,4,16,8,3.52037,4.43954,0.919169,0.0550903,0.40172,0.456811,4.89635,18238,84733.9,7134,26957.2,284,2,5,4,./outputs/mat_inv-gem5-accel,mat_inv,111691
414,"['A', 'I']",15,256,16,16,spad,block,True,1,16,4,1,2.43437,3.34171,0.907337,0.0373716,0.40172,0.439092,3.7808,26885,83776.9,13921,26957.2,279,2,5,4,./outputs/mat_inv-gem5-accel,mat_inv,110734
415,"['A', 'I']",15,256,16,16,spad,block,True,1,16,4,8,2.50327,3.42244,0.919169,0.0384412,0.40172,0.440162,3.86261,26137,84733.9,13278,26957.2,284,2,5,4,./outputs/mat_inv-gem5-accel,mat_inv,111691
416,"['A', 'I']",15,256,16,16,spad,block,True,1,16,8,1,3.18321,4.09055,0.907337,0.0488329,0.40172,0.450553,4.54111,20575,83776.9,9063,26957.2,279,2,5,4,./outputs/mat_inv-gem5-accel,mat_inv,110734
417,"['A', 'I']",15,256,16,16,spad,block,True,1,16,8,8,3.30229,4.22146,0.919169,0.0506752,0.40172,0.452396,4.67386,19827,84733.9,8420,26957.2,284,2,5,4,./outputs/mat_inv-gem5-accel,mat_inv,111691
418,"['A', 'I']",15,256,16,16,spad,block,True,1,16,16,1,3.38274,4.29007,0.907337,0.0529199,0.40172,0.45464,4.74471,18986,83776.9,7777,26957.2,279,2,5,4,./outputs/mat_inv-gem5-accel,mat_inv,110734
419,"['A', 'I']",15,256,16,16,spad,block,True,1,16,16,8,3.52037,4.43954,0.919169,0.0550903,0.40172,0.456811,4.89635,18238,84733.9,7134,26957.2,284,2,5,4,./outputs/mat_inv-gem5-accel,mat_inv,111691
420,"['A', 'I']",15,256,16,16,spad,cyclic,True,1,4,4,1,3.57104,5.24824,1.6772,0.0544602,0.40172,0.456181,5.70442,18449,173188,12721,26957.2,321,2,16,16,./outputs/mat_inv-gem5-accel,mat_inv,200145
421,"['A', 'I']",15,256,16,16,spad,cyclic,True,1,4,4,8,3.70626,5.43727,1.73102,0.0565221,0.40172,0.458243,5.89552,17776,179034,12108,26957.2,326,2,16,17,./outputs/mat_inv-gem5-accel,mat_inv,205991
422,"['A', 'I']",15,256,16,16,spad,cyclic,True,1,4,8,1,5.7922,7.4694,1.6772,0.0884373,0.40172,0.490158,7.95956,11361,173188,7737,26957.2,321,2,16,16,./outputs/mat_inv-gem5-accel,mat_inv,200145
423,"['A', 'I']",15,256,16,16,spad,cyclic,True,1,4,8,8,6.15695,7.88797,1.73102,0.0940061,0.40172,0.495727,8.38369,10688,179034,7124,26957.2,326,2,16,17,./outputs/mat_inv-gem5-accel,mat_inv,205991
424,"['A', 'I']",15,256,16,16,spad,cyclic,True,1,4,16,1,8.41298,10.0902,1.6772,0.128532,0.40172,0.530253,10.6204,7817,173188,5245,26957.2,321,2,16,16,./outputs/mat_inv-gem5-accel,mat_inv,200145
425,"['A', 'I']",15,256,16,16,spad,cyclic,True,1,4,16,8,9.20556,10.9366,1.73102,0.140641,0.40172,0.542361,11.4789,7144,179034,4632,26957.2,326,2,16,17,./outputs/mat_inv-gem5-accel,mat_inv,205991
426,"['A', 'I']",15,256,16,16,spad,cyclic,True,1,16,4,1,3.57104,5.24824,1.6772,0.0544602,0.40172,0.456181,5.70442,18449,173188,12721,26957.2,321,2,16,16,./outputs/mat_inv-gem5-accel,mat_inv,200145
427,"['A', 'I']",15,256,16,16,spad,cyclic,True,1,16,4,8,3.70626,5.43727,1.73102,0.0565221,0.40172,0.458243,5.89552,17776,179034,12108,26957.2,326,2,16,17,./outputs/mat_inv-gem5-accel,mat_inv,205991
428,"['A', 'I']",15,256,16,16,spad,cyclic,True,1,16,8,1,5.7922,7.4694,1.6772,0.0884373,0.40172,0.490158,7.95956,11361,173188,7737,26957.2,321,2,16,16,./outputs/mat_inv-gem5-accel,mat_inv,200145
429,"['A', 'I']",15,256,16,16,spad,cyclic,True,1,16,8,8,6.15695,7.88797,1.73102,0.0940061,0.40172,0.495727,8.38369,10688,179034,7124,26957.2,326,2,16,17,./outputs/mat_inv-gem5-accel,mat_inv,205991
430,"['A', 'I']",15,256,16,16,spad,cyclic,True,1,16,16,1,8.41298,10.0902,1.6772,0.128532,0.40172,0.530253,10.6204,7817,173188,5245,26957.2,321,2,16,16,./outputs/mat_inv-gem5-accel,mat_inv,200145
431,"['A', 'I']",15,256,16,16,spad,cyclic,True,1,16,16,8,9.20556,10.9366,1.73102,0.140641,0.40172,0.542361,11.4789,7144,179034,4632,26957.2,326,2,16,17,./outputs/mat_inv-gem5-accel,mat_inv,205991
